X,Y,NAME,ADDRESS,PHONE,EMAIL,CONTACT,CONTACT2,PLOTS,ORGANIZATION,WEB_URL,COMMENTS,WARD,LATITUDE,LONGITUDE,XCOORD,YCOORD,GIS_ID,MAR_ID,GLOBALID,CREATED,EDITED,OBJECTID
-8575048.30651442,4717451.75549953,Ft. Stevens Garden,1327 VAN BUREN STREET NW,829-8457,,Mrs. Corina Prince,,9,DPR,https://dpr.dc.gov/page/community-gardens,,Ward 4,38.97052659,-77.03096726,397305.72,144706.25,CommunityGardenPt_1,290152,{D424973D-2F1D-4E71-A332-569D43EB7F8D},,2024/11/19 01:39:47+00,1
-8573610.54977994,4717216.95431986,Takoma Garden,300 VAN BUREN STREET NW,,,,,11,DPR,https://dpr.dc.gov/page/community-gardens,,Ward 4,38.96888669,-77.01805168,398435.64,144552.48,CommunityGardenPt_2,296168,{3F59A195-CC57-4949-A6B5-A7DDCF90E34A},,2024/11/19 01:39:47+00,2
-8577569.70999708,4716905.99139491,Rock Creek Garden,OREGON AVENUE NW AND NORTHAMPTON STREET NW,882-9527 or 583-4740,nmoswald@yahoo.com,Nancy Oswald, ,,NPS,http://dcgardens.com/community-gardens/,,Ward 4,38.9667148,-77.05361741,395310.5999936,144382.98000342,CommunityGardenPt_3,904431,{D0518FF8-FE38-47B1-8050-B9CB8EA71957},,2024/11/19 01:39:47+00,3
-8574992.59946411,4716470.8462666,Fort Stevens Community Garden,13TH STREET NW AND FORT STEVENS DRIVE NW,,,,,,NPS,,,Ward 4,38.96367546,-77.03046683,397396.07999554,144052.68000311,CommunityGardenPt_4,903937,{82825E83-2272-4131-9607-99AFC1924849},,2024/11/19 01:39:47+00,4
-8574415.92226485,4716378.43774533,Peabody Garden,8TH STREET NW AND PEABODY STREET NW,722-5270, ,William Vest, ,,NPS,http://dcgardens.com/community-gardens/,,Ward 4,38.96303001,-77.02528646,397902.05001201,143865.95001894,CommunityGardenPt_5,901763,{68F17929-52CD-43A4-9A55-E8DE58CC2429},,2024/11/19 01:39:47+00,5
-8572529.98942006,4716027.81998523,Blair Road Community Garden,NICHOLSON STREET NW AND BLAIR ROAD NW,,,,,,NPS,,,Ward 4,38.96058095,-77.00834484,399198.17001321,143586.29001868,CommunityGardenPt_6,18636,{C0090024-B9B4-48E0-958D-1D0D1E062CFF},,2024/11/19 01:39:47+00,6
-8574524.04799956,4715919.86845371,Emery Garden,9TH STREET NW AND MISSOURI AVENUE NW,387-3984,,,Alice Martin,40,DPR,https://dpr.dc.gov/page/community-gardens,,Ward 4,38.95982689,-77.02625777,397750.93,143599.5,CommunityGardenPt_7,902554,{E03B4E80-FC8C-4B60-93D3-F4007463BDE2},,2024/11/19 01:39:47+00,7
-8572319.17875476,4714930.89639765,Mamie D. Lee Garden,100 GALLATIN STREET NE,301-422-7983,MamieDLeeGarden@gmail.com,,,,NPS,http://mamiedleegarden.blogspot.com/,,Ward 5,38.95291841,-77.0064511,399351.72,142773.48,CommunityGardenPt_8,294470,{0CCBE5E6-7581-4B55-B312-D54DDE2860FA},,2024/11/19 01:39:47+00,8
-8575088.53617556,4714871.51468739,Hamilton Garden,1340 HAMILTON STREET NW,,,,,8,DPR,https://dpr.dc.gov/page/community-gardens,,Ward 4,38.95250357,-77.03132866,397283.77,142746.35,CommunityGardenPt_9,255042,{34DD3EEA-1D2B-4A5D-8AFA-7813C254DDB8},,2024/11/19 01:39:47+00,9
-8580472.03646744,4714746.6510648,Fort Reno Garden,BELT ROAD NW AND DAVENPORT STREET NW,362-1434,,Martha Hamilton,,,NPS,http://fieldtoforknetwork.org/community-gardens/fort-reno/,,Ward 3,38.95163128,-77.07968944,393079.95999153,142692.40000185,CommunityGardenPt_10,903365,{BC2DD65F-7580-4552-8105-0364DC4BA60F},,2024/11/19 01:39:47+00,10
-8571663.01975843,4714397.86007472,CAFB Urban Demonstration Garden,4900 PUERTO RICO AVENUE NE,,,,,,Capital Area Food Bank,,,Ward 5,38.94919459,-77.00055672,400047.08,142156.04,CommunityGardenPt_11,288297,{CF112C03-8BD4-4A37-89CD-B955DA668002},,2024/11/19 01:39:47+00,11
-8581381.20133788,4713710.16488604,Friendship Garden,45TH STREET NW AND VAN NESS STREET NW,,joshua.singer@dc.gov,Josh,Tommy Tomlinson,50,DPR,https://dpr.dc.gov/page/community-gardens,,Ward 3,38.94439003,-77.08785661,392390.85000689,141700.31001693,CommunityGardenPt_12,903069,{3D1FF3E0-6835-4240-92A8-E01086F424D7},,2024/11/19 01:39:47+00,12
-8575107.68799152,4713465.76695748,Upshur Garden,14TH STREET NW AND UPSHUR STREET NW,,,,,40,DPR,https://dpr.dc.gov/page/community-gardens,,Ward 4,38.94268247,-77.0315007,397162.77999532,141553.40000079,CommunityGardenPt_13,902178,{3AA25DD1-F6BF-4B8A-8813-AF117956998E},,2024/11/19 01:39:47+00,13
-8575244.27357496,4713197.25041433,Twin Oaks Community Garden,14TH STREET NW AND TAYLOR STREET NW,,kelly.melsted@dc.gov,Kelly Melsted,,62,DPR,https://dpr.dc.gov/page/community-gardens,,Ward 4,38.94080636,-77.03272766,397162.69999532,141435.66000068,CommunityGardenPt_14,902177,{F4B42ED2-C583-4B4E-8041-27F5F1D6D3D6},,2024/11/19 01:39:47+00,14
-8578518.68895697,4712996.64871809,Melvin Hazen Garden,SEDGWICK STREET NW AND CONNECTICUT AVENUE NW,244-3140,Melvin.Hazen.Garden@verizon.net,Karin Adams,,,NPS,https://sites.google.com/site/melvinhazengarden/,,Ward 3,38.93940473,-77.0607342,394734.59000907,141279.61001654,CommunityGardenPt_15,904847,{FDE93927-1835-4BA2-B8B0-4DE80975E569},,2024/11/19 19:57:38+00,15
-8570759.02227401,4712996.78127024,Turkey Thicket Gardens,1100 MICHIGAN AVENUE NE,,turkeythicketgardeners@gmail.com,,,15,DPR,https://dpr.dc.gov/page/community-gardens,,Ward 5,38.93940566,-76.99243598,400641.56,141130.75,CommunityGardenPt_16,74630,{9C1833CD-F724-4C55-AE5D-5EE88F38CD4C},,2024/11/19 01:39:47+00,16
-8574706.17312489,4712814.08290558,Petworth 10th Quincy Kansas Community Garden,"ALLEY LOT BETWEEN QUINCY ST NW, KANSAS AVE NW, RANDOLPH ST NW, AND 10TH ST NW",,,,,,,,,Ward 4,38.93812909,-77.02789382,0,0,CommunityGardenPt_17,,{AE5178B3-350A-4641-ACCB-F33A949E6165},,2024/11/19 01:39:47+00,17
-8573636.85984813,4712608.5263915,Armed Forces Retirement Home Community-Resident Garden,140 ROCK CREEK CHURCH RD NW,,,,,,,,,Ward 5,38.94191276,-77.0128623,398884.93,141558.05,CommunityGardenPt_18,334859,{B59857FD-971C-47E2-9002-8D20980D5042},,2024/11/19 01:41:59+00,18
-8569052.51156043,4712560.38885685,Taft Field Garden,1800 PERRY STREET NE,,,,,10,DPR,https://dpr.dc.gov/page/community-gardens,,Ward 5,38.93635643,-76.97710614,401855.75,140990.2,CommunityGardenPt_19,294529,{017816AB-A6F9-41BD-BB58-11026F23C056},,2024/11/19 01:39:47+00,19
-8580060.72491921,4712405.76689011,Newark Street Community Garden,NEWARK STREET NW AND 39TH STREET NW,,rondell.pooler@dc.gov,RonDell,,220,DPR,https://dpr.dc.gov/page/community-gardens,,Ward 3,38.93527601,-77.07599457,393307.83999174,140871.20000016,CommunityGardenPt_20,911391,{46A857A5-B358-4C37-9409-44AF0E54AFF6},,2024/11/19 01:39:47+00,20
-8573510.67125726,4711704.89255366,Wangari Gardens,KENYON STREET NW AND IRVING STREET NW,,,,,,,,,Ward 5,38.9303784,-77.01715445,398644.4605087,140349.86918368,CommunityGardenPt_21,904613,{F32E8706-F552-4D09-A431-FCD8C6B483FA},,2024/11/19 01:39:47+00,21
-8574329.94237494,4711394.50015506,Bruce Monroe,3000 GEORGIA AVE NW,,joshua.singer@dc.gov,Josh,,214,DPR,https://dpr.dc.gov/page/community-gardens,,Ward 1,38.92820932,-77.02451409,397947.85,140075.75,CommunityGardenPt_22,308626,{73DD8E63-4CFE-4B95-91B4-096A07C612A3},,2024/11/19 01:39:47+00,22
-8570635.2403921,4711051.54428575,Noyes Gardens,10TH STREET NE AND FRANKLIN STREET NE,,friendsofnoyespark@gmail.com,,,7,DPR,https://dpr.dc.gov/page/community-gardens,,Ward 5,38.92581261,-76.99132403,400656.43001456,139745.35001511,CommunityGardenPt_23,901346,{59EB3DC1-6900-4948-98A7-0DCD52A3A14E},,2024/11/19 01:39:47+00,23
-8568466.75398766,4711018.16703108,Langdon Youth & Community Garden,FRANKLIN STREET NE AND MILLS AVENUE NE,,,,,22,DPR,https://dpr.dc.gov/page/community-gardens,,Ward 5,38.92557934,-76.97184419,402441.46835222,139745.19663911,CommunityGardenPt_24,903267,{F9A1A747-328B-428D-8C34-D48BEFFEA281},,2024/11/19 01:39:47+00,24
-8580729.09329068,4710970.77110418,Glover Archbold Garden,42ND STREET NW AND NEW MEXICO AVENUE NW,965-9388,,Dino Kraniotis,,,NPS,http://dcgardens.com/community-gardens/,,Ward 3,38.92524812,-77.08199862,392950.23064741,139799.45532717,CommunityGardenPt_25,906748,{5B37D854-76C5-46E6-841B-EEB6B8491EB3},,2024/11/19 01:39:47+00,25
-8571798.65039544,4710892.74700531,Edgewood Gardens,301 FRANKLIN STREET NE,,info@edgewooddc.org,,,10,DPR,https://dpr.dc.gov/page/community-gardens,,Ward 5,38.92470284,-77.00177512,399824.25,139649.91,CommunityGardenPt_26,289734,{B720D28F-81A0-4961-903F-2EF242B117D1},,2024/11/19 01:39:47+00,26
-8583242.18837845,4710871.60132958,Palisades Garden,5200 SHERIER PLACE NW,,joshua.singer@dc.gov,Josh,,20,DPR,https://dpr.dc.gov/page/community-gardens,,Ward 3,38.92455506,-77.10457413,390931.96,139636.31,CommunityGardenPt_27,268352,{703C38DC-8579-403A-A770-FA5762AAF4C8},,2024/11/19 01:39:47+00,27
-8566902.23405994,4710816.16102574,Theodore Hagans Garden,3201 FORT LINCOLN DRIVE NE,,,,,,DPR,https://dpr.dc.gov/page/community-gardens,,Ward 5,38.9241676,-76.95778988,403611.81,139592.92,CommunityGardenPt_28,295140,{A27022C3-0958-4ED1-975C-7E2C5DF7E26A},,2024/11/19 01:39:47+00,28
-8575253.80202028,4710696.52529785,Euclid Street Garden,14TH STREET NW AND EUCLID STREET NW,,joshua.singer@dc.gov,Josh,,40,DPR,https://dpr.dc.gov/page/community-gardens,,Ward 1,38.9233315,-77.03281326,397212.68,139543.72,CommunityGardenPt_29,903476,{88FDE590-DC99-4C36-ABA1-80AB7E2895C6},,2024/11/19 01:39:47+00,29
-8569485.85224728,4710458.42720099,Montana Garden,17TH STREET NE AND MONTANA AVENUE NE,497-7790 or 269-1622,,,,,,http://dcgardens.com/community-gardens/,,Ward 5,38.92166747,-76.9809989,401988.5700158,138662.77001411,CommunityGardenPt_30,906069,{1489640B-092E-4E85-8647-7DEB6D9BA946},,2024/11/19 01:39:47+00,30
-8574377.89857981,4710278.06972286,Howard University Community Garden (Halo Green),2251 SHERMAN AVENUE NW,,,,,,,,,Ward 1,38.92040695,-77.02494489,397862.6,139160.22,CommunityGardenPt_31,284325,{D1D34A85-A010-4296-AC53-7F3285789476},,2024/11/19 01:39:47+00,31
-8576551.53295794,4710210.07716136,Kalorama Garden,KALORAMA ROAD NW AND COLUMBIA ROAD NW,,joshua.singer@dc.gov,Josh,,19,DPR,https://dpr.dc.gov/page/community-gardens,"Stop by; coordinator does not take calls",Ward 1,38.91993175,-77.04447098,396149.84373838,139089.06249451,CommunityGardenPt_32,903431,{669BD434-C558-41D4-A0D0-6D49F2D52BAA},,2024/11/19 01:39:47+00,32
-8580306.31295702,4709934.53862277,Whitehaven Garden,40TH STREET NW AND W STREET NW,202-333-6224 only after 12 noon,theriley55@hotmail.com,Matt Riley,Eddie Landrum,,NPS,http://dcgardens.com/community-gardens/,,Ward 3,38.91800595,-77.07820073,393168.66997561,139036.66003046,CommunityGardenPt_33,901919,{48132A38-F531-433B-8C4D-2B5CBC258286},,2024/11/19 01:39:47+00,33
-8573456.14077381,4709919.87520267,Ledroit Gardens,ELM STREET NW AND 3RD STREET NW,,joshua.singer@dc.gov,Josh,,56,DPR,https://dpr.dc.gov/page/community-gardens,,Ward 1,38.91750553,-77.01595778,398616.09999667,138848.67999828,CommunityGardenPt_34,906248,{E2AC4A0C-BB47-44F3-9AAA-4179A1F464E4},,2024/11/19 01:41:21+00,34
-8572343.96962463,4709406.93725087,Harry Thomas Gardens,1743 LINCOLN ROAD NE,,harrythomasgardengroup@gmail.com,,,16,DPR,https://dpr.dc.gov/page/community-gardens,,Ward 5,38.91431829,-77.0066738,399317.62,138457.86,CommunityGardenPt_35,296786,{95C2FD8C-CEF2-4D17-8D2C-64DCBCD46F1E},,2024/11/19 01:39:47+00,35
-8568387.55892816,4709274.54977995,Arboretum Youth Garden,2412 RAND PLACE NE,,,,,,DPR,https://dpr.dc.gov/page/community-gardens,,Ward 5,38.91339294,-76.97113277,402500.41,138428.3,CommunityGardenPt_36,296167,{E0740DDE-A707-4820-A264-47A361968B50},,2024/11/19 01:39:47+00,36
-8574011.7135274,4708806.58467303,Bread for the City Rooftop Garden,1525 7TH STREET NW,,,,,,Bread for the City,,,Ward 2,38.91012189,-77.02165539,398124.44,138052.42,CommunityGardenPt_37,297622,{093B4527-DC33-4B6A-B833-79EF58F9130E},,2024/11/19 01:39:47+00,37
-8577532.8634822,4708515.63903538,West End Garden,25TH STREET NW AND N STREET NW,202-986-0469,joshua.singer@dc.gov,Josh,,20,DPR,https://dpr.dc.gov/page/community-gardens,,Ward 2,38.90808813,-77.05328641,395381.43004167,137706.07337322,CommunityGardenPt_38,905564,{318E43AC-8E7B-4171-B537-7E4F85A42404},,2024/11/19 01:39:47+00,38
-8574368.35006796,4707739.99226667,Brainfood Youth Garden,935 K STREET NW,,,,,,Brainfood,,,Ward 2,38.90266594,-77.02485911,397791,137213.76,CommunityGardenPt_39,,{357A24FD-AE90-46A1-919E-8B79BD9B9002},,2024/11/19 01:39:47+00,39
-8577279.24303517,4707314.15045591,GroW Garden (GW University),H ST BETWEEN 23RD ST AND 24TH ST,,,,,,,,,Ward 2,38.8996889,-77.05100811,395594.92,136859.7,CommunityGardenPt_40,,{D2D84AE0-3FDA-4EDF-9FEA-BE50B8471EFD},,2024/11/19 01:39:47+00,40
-8564134.45328267,4707135.03147528,Lederer Youth Garden,4801 NANNIE HELEN BURROUGHS AVENUE NE,202 321-6206,,Carl Rollins,,40,DPR,https://dpr.dc.gov/page/community-gardens,,Ward 7,38.89843664,-76.93292649,405762.78,136741.17,CommunityGardenPt_41,295153,{5435FD8F-AB1C-4F19-A3F9-2E99DB4B54E2},,2024/11/19 01:39:47+00,41
-8570595.64448819,4706715.3609177,Lovejoy Community Garden,E STREET NE AND 12TH STREET NE,,lovejoygarden@gmail.com,,,18,DPR,https://dpr.dc.gov/page/community-gardens,,Ward 6,38.89550257,-76.99096833,400846.33001474,136474.21999608,CommunityGardenPt_42,907141,{0EB7FAC3-5B79-4E6D-BA3D-9914473F4434},,2024/11/19 01:39:47+00,42
-8568878.62224322,4706710.4848875,Kingman Park-Rosdale Community Garden,ON 20TH ST NE BETWEEN E STREET NE AND D STREET NE,,myanasak@gmail.com,Mandie Yanasak,,,,http://kprgarden.org/,,Ward 7,38.89546848,-76.97554406,0,0,CommunityGardenPt_43,,{80A8FC1A-1AEC-44AA-9571-05778EC26D71},,2024/11/19 01:39:47+00,43
-8563799.11114236,4706658.98158719,Lincoln Heights,400 50TH STREET NE,,,,,,Green Scheme,,,Ward 7,38.89510839,-76.92991405,406071.74,136385.53,CommunityGardenPt_44,28532,{A9A1E24C-FD6E-4F6A-BFCB-D3D2E963500A},,2024/11/19 01:39:47+00,44
-8563105.91697257,4706657.0461469,Soilful City Garden,5314 DIX STREET NE,,,,,,DPR,https://dpr.dc.gov/page/community-gardens,,Ward 7,38.89509486,-76.92368699,406591.56,136367.88,CommunityGardenPt_45,288592,{09978376-9180-4570-A384-11BBD315F35F},,2024/11/19 01:39:47+00,45
-8563144.59139221,4706337.37181553,Beet St Garden - Richardson Dwellings,260 54TH STREET NE,,,,,,,,,Ward 7,38.8928598,-76.9240344,406622.17,136122.41,CommunityGardenPt_46,150458,{B9B63312-A1E8-45BB-904F-2E4D9D48CA6F},,2024/11/19 01:39:47+00,46
-8571459.36561644,4706291.65213469,Hilton Garden,6TH STRET NE BETWEEN C STREET NE AND CONSTITUTION AVENUE NE,546-6058,kendall.lepoer@verizon.net,Kendall LePoer,,,,http://fieldtoforknetwork.org/community-gardens/hilton/,,Ward 6,38.89254014,-76.99872728,400134.47,136078.09,CommunityGardenPt_47,304133,{A85E1230-D8D2-4368-B53D-CDB4FADFD840},,2024/11/19 01:39:47+00,47
-8569858.88721068,4705413.99299956,King's Court Community Garden,KINGS COURT SE AND 15TH STREET SE,543-3605,dc.greenthumb@verizon.net,Pat Taylor,,,,http://www.kingscourtgarden.org/,,Ward 6,38.88640345,-76.98434993,401418.55,135364.75,CommunityGardenPt_48,913460,{741BD776-2AD2-4EC5-A52E-8A2A1E2D3907},,2024/11/19 01:39:47+00,48
-8569045.96836307,4705352.69559216,RockStAr Garden,19TH STREET SE AND BURKE STREET SE,,,,,,,,,Ward 7,38.88597484,-76.97704736,401972.21001578,135367.49999505,CommunityGardenPt_49,902645,{04E605FF-B743-4E69-9A9F-95F65E18A971},,2024/11/19 01:39:47+00,49
-8570276.00443404,4705240.85755145,13th Street Community Park & Garden,1301 C STREET SE,,,,,,,,,Ward 6,38.88519281,-76.98809696,401055.59,135262.13,CommunityGardenPt_50,290383,{80F2B8F5-3EDC-44CA-9AA2-A2FEFFBFD816},,2024/11/19 01:39:47+00,50
-8569365.78374265,4705160.91554005,Hill East Community Garden,"BETWEEN 17TH STREET SE, 18TH STREET SE, D STREET SE, AND C STREET SE",544-6548,board@hilleastgarden.org,,,36,,http://hilleastgarden.org/Hill_East_Community_Garden/home.html,,Ward 7,38.88463381,-76.97992031,0,0,CommunityGardenPt_51,,{F2307CD7-1FC4-4D16-AEC8-50C21B569A8B},,2024/11/19 20:09:54+00,51
-8575161.35744252,4706219.48501054,Victory Gardens Farm,14TH STREET NW AND CONSTITUTION AVENUE NW,,,,,,Victory Gardens,,,Ward 7,38.88344417,-76.98318971,397227.02581938,136028.07029967,CommunityGardenPt_52,903110,{9D514FA5-443D-472D-B051-DEC62C4ADAE4},,2024/11/19 01:44:59+00,52
-8569362.00171953,4704989.63596427,Green SEED Community Garden,"ALLEY LOT BETWEEN 17TH, 18TH, D, AND E ST SE",,,,,,,,,Ward 7,38.88343611,-76.97988634,0,0,CommunityGardenPt_53,,{8AD4CEE4-49C4-4ECB-BDE8-CF36CD4BE995},,2024/11/19 01:39:47+00,53
-8563629.99652876,4704455.81870231,Woody Ward Garden,FABLE STREET SE AND SOUTHERN AVENUE SE ,,benningcommunitygarden@gmail.com,,,16,DPR,https://dpr.dc.gov/page/community-gardens,,Ward 7,38.87970319,-76.92839488,406247.71,134652.08,CommunityGardenPt_54,308760,{9F6F24D7-BF2D-4A2C-B981-166043455EC1},,2024/11/19 01:39:47+00,54
-8570732.95734697,4704323.93430769,Pomegranate Alley Community Garden,911 11TH STREET SE,202-276-9430,mark@ginkgogardens.com,Mark Holler,Karine Bouis-Towe,,,http://dcgardens.com/community-gardens/,,Ward 6,38.8787809,-76.99220183,400713.45,134556.55,CommunityGardenPt_55,82095,{4D9FD1E6-2FED-4C5D-A680-F90651279FCE},,2024/11/19 01:39:47+00,55
-8571111.24199643,4704227.05229024,National Community church (11th St Bridge Park Plot),8TH STREET SE AND VIRGINIA AVENUE SE,,,,,,,,,Ward 8,38.87810339,-76.99560002,400436.13999836,134487.09001024,CommunityGardenPt_56,904306,{5DE54EEA-463B-4757-B8C4-769A584493C3},,2024/11/19 01:39:47+00,56
-8573024.47488721,4704218.95031842,Southwest Garden,K STREET SW AND DELAWARE AVENUE SW,,swgardensdc@gmail.com,,,32,DPR,https://dpr.dc.gov/page/community-gardens,,Ward 6,38.87804673,-77.01278688,398848.51001288,134506.29999425,CommunityGardenPt_57,903176,{01436605-5BFB-4C65-8C1B-E12B1D0D6E22},,2024/11/19 01:39:47+00,57
-8570883.08857588,4704140.94880028,Virginia Ave Community Garden,9TH STREET SE AND L STREET SE,202-468-1816,Commgarden@yahoo.com,Jennifer Lancaster,,80,DPR,https://dpr.dc.gov/page/community-gardens,,Ward 8,38.87750125,-76.99355049,400541.639998,134410.43001,CommunityGardenPt_58,902783,{FAB4FA24-B34E-45D8-A7DE-32727B2F23B4},,2024/11/19 01:39:47+00,58
-8566026.96386179,4704003.85637275,Fort Dupont Park Gardens,FORT DUPONT DRIVE SE AND FORT DAVIS DRIVE SE,,,,,,NPS,,,Ward 7,38.87654251,-76.94992719,404443.84000208,134259.75999402,CommunityGardenPt_59,910899,{139BFF0B-71B9-4B70-9D6B-8BA0F39A4921},,2024/11/19 01:39:47+00,59
-8570294.09224761,4702249.59960852,Union Temple Baptist Church Garden (11th St Bridge Park Plot),1225 W STREET SE,,,,,,,,,Ward 8,38.86427327,-76.98825945,400958.87,132965.09,CommunityGardenPt_60,70732,{C13BE3B3-44AB-41E5-8650-64BECE80A22F},,2024/11/19 01:39:47+00,60
-8570452.63130144,4702229.55705403,Bethel Christian Fellowship (11th St Bridge Park Plot),2220 MARTIN LUTHER KING JR AVENUE SE,,,,,,,,,Ward 8,38.86413307,-76.98968363,400876.07,132921.52,CommunityGardenPt_61,50017,{ABFA8D80-CBFC-4C98-8E86-D6E28D410B57},,2024/11/19 01:39:47+00,61
-8567510.81139786,4701340.27873936,Hillcrest Garden,3100 DENVER STREET SE,,hillcrestgardencenter@gmail.com,,,14,DPR,https://dpr.dc.gov/page/community-gardens,,Ward 7,38.85791265,-76.96325681,403243.37,132310.93,CommunityGardenPt_62,296174,{E7BD717A-D1E2-4485-A929-B3E3A682C7A7},,2024/11/19 01:39:47+00,62
-8569233.09796493,4701293.10634782,Fort Stanton Community Garden,1812 ERIE STREET SE,202-889-6729,,Addie Cooke,,9,DPR,https://dpr.dc.gov/page/community-gardens,,Ward 8,38.85758267,-76.97872838,401846.28,132196.87,CommunityGardenPt_63,296165,{DD400398-0EA5-4808-BA40-39600B0E4223},,2024/11/19 01:39:47+00,63
-8569130.97752548,4700614.55265507,Douglass Garden,1898 STANTON TERRACE SE,,friendsofdouglasscc@gmail.com,,,9,DPR,https://dpr.dc.gov/page/community-gardens,,Ward 8,38.85283586,-76.97781102,401930.33,131647.8,CommunityGardenPt_64,286513,{AC32DD24-4322-42BD-B14C-64323E95D762},,2024/11/19 01:39:47+00,64
-8568359.98712662,4699925.95138601,Shipley Community Garden,23RD STREET SE AND SAVANNAH STREET SE,,,Carolyn Bennett,Joan Trollinger,,,https://communitygarden.org/find-a-garden/gardens/shipley-community-gardens/,,Ward 8,38.84801843,-76.97088509,402527.3800003,131135.36002312,CommunityGardenPt_65,903118,{1003ED9D-0F14-4799-848D-B58F0645DEDC},,2024/11/19 20:10:00+00,65
-8570321.46768137,4698755.58384322,Mother Peace Garden,MISSISSIPPI AVENUE SE AND 13TH STREET SE,,,,,,DPR,https://dpr.dc.gov/page/community-gardens,,Ward 8,38.83982985,-76.98850537,400997.93001488,130226.03000628,CommunityGardenPt_66,904393,{BEF4FEA6-D7CF-41C5-91DB-292013088B70},,2024/11/19 01:39:47+00,66
-8571240.47851029,4697747.57675147,Ferebee Hope Community Garden,3999 8TH STREET SE,,,,,11,DPR,https://dpr.dc.gov/page/community-gardens,,Ward 8,38.83277648,-76.99676097,400419.94,129394.95,CommunityGardenPt_67,294588,{B6E33738-FA79-4E0C-8A50-28B197122BCC},,2024/11/19 01:39:47+00,67
-8573258.98561167,4696871.03232807,Fort Greble Garden,MARTIN LUTHER KING JR AVENUE SW AND ELMIRA STREET SW,,ftgcommunitygarden@gmail.com,,,9,DPR,https://dpr.dc.gov/page/community-gardens,,Ward 8,38.82664243,-77.01489353,398907.09999694,128696.52002086,CommunityGardenPt_68,904021,{B97CD989-32B3-483A-A9C9-23F0DC2262AD},,2024/11/19 01:39:47+00,68
-8581061.10968453,4708777.10476323,Hardy Community Garden,4500 Q STREET NW,,joshua.singer@dc.gov,Josh,,22,DPR,https://dpr.dc.gov/page/community-gardens,,Ward 3,38.90991617,-77.08498118,392629.43,138009.47,CommunityGardenPt_321,284929,{87C028EC-9731-4BC4-AAA5-25BCF145BF40},2024/11/19 01:12:53+00,2024/11/19 01:39:47+00,321
-8563615.87792277,4707254.50253468,Marvin Gaye Community Gardens,5000 NANNIE HELEN BURROUGHS AVENUE NE,,kehmari.norman@dc.gov,Kehmari,,24,DPR,https://dpr.dc.gov/page/community-gardens,,Ward 7,38.89927189,-76.92826804,406222.37,136826.92,CommunityGardenPt_323,289526,{10B26EF1-ACCC-4637-ABAD-BE287A635D5E},2024/11/19 01:37:03+00,2024/11/19 19:58:37+00,323
