NAME,ADDRESS,ALPHA_CODE,PARK_CODE,AQUIRED,TRANS_DC,SOURCE,RESERVE,LABEL,SQUARE,SUFFIX,LOT,SSL,PAR,GIS_ID,OBJECTID,GLOBALID,CREATED,EDITED,SHAPEAREA,SHAPELEN
Beach Parkway,"DC Line, Between East & West Beach Drive, NW",ROCR,821,"5, 6",,NPS,432,Beach Parkway,0000,,0000,RES 04320000,,ParkPly_1,1,{B11A8CCC-C818-4360-B30D-89A7AC473780},,,0,0
North Portal,"16th St.,between North Portal & South Portal Drs.",ROCR,821,"5, 6",,NPS,433,North Portal,0000,,0000,RES 04330000,,ParkPly_2,2,{73C212E7-F1D0-45AE-AA50-0F07ACB933FA},,,0,0
Piney Branch Portal,"Piney Branch Rd. & Eastern Ave., NW",ROCR,892,8,,NPS,531,Piney Branch Portal,3350,,0000,RES 05310000,,ParkPly_35,6,{74D0A36E-D798-42CD-8F54-C740392FF37C},,,0,0
Battleground National Cemetery,"Georgia Ave., Between Whittier Pl. & Van Buren St.",ROCR,858,9,,NPS,568,Battleground National Cemetery,2971,,0000,RES 05680000,,ParkPly_36,7,{CBB1923A-755B-4EF6-95E4-F5495ACCC2E0},,,0,0
Curb Parking,Western Ave. & Patterson St. NW,ROCR,878,8,,NPS,335,,0000,,0000,RES 03350000,,ParkPly_37,8,{35C5AA79-0096-4F95-9968-519DD91EDD5F},,,0,0
Chevy Chase Circle,"Western & Connecticut Aves., NW",ROCR,892,8,,NPS,335A,Chevy Chase Circle,1746,,0000,RES 335A0000,,ParkPly_38,9,{BCBC06FF-661A-4CB0-8E1B-59E71AD44CA8},,,0,0
Triangle,"Connecticut Ave., South Of Chevy Chase Circle, NW",ROCR,892,8,,NPS,468,,0000,,0000,RES 04680000,,ParkPly_39,10,{6017DB6D-6FB0-4311-BB41-24F3BF2CB270},,,0,0
Fort Stevens Park,"13th St., Between Piney Branch Rd. & Rittenhouse St., NW",ROCR,889,"5, 6",,NPS,358,Fort Stevens Park,"2939,2940",,0000,RES 03580000,,ParkPly_40,11,{60011D90-0C8C-4C5F-B6A7-E26C38759D40},,,0,0
Fort Circle Park,"Rock Creek Park To Fort Stevens Park, NW",ROCR,832,6,,NPS,499,Fort Circle Park,0000,,0000,RES 04990000,,ParkPly_41,12,{A3FBD828-44DE-49ED-B0AC-F433BF0E2026},,,0,0
Fort Circle Park,"Fort Stevens Park To Fort Slocum Park, NW",ROCR,832,"6, 8",,NPS,494,Fort Circle Park,MULTI-SQUARES & PARCELS,,0000,RES 04940000,,ParkPly_42,13,{93E2A960-0FB7-4647-A872-6DEE5502C5F3},,,0,0
Fort Circle Park,"Fort Stevens Park To Fort Slocum Park, NW",ROCR,832,"6, 8",,NPS,494,Fort Circle Park,MULTI-SQUARES & PARCELS,,0000,RES 04940000,,ParkPly_43,14,{EAD92AF3-E9FB-424D-804F-A58288CA9C68},,,0,0
Fort Circle Park,"Rock Creek Park To Fort Stevens Park, NW",ROCR,832,6,,NPS,499,Fort Circle Park,0000,,0000,RES 04990000,,ParkPly_46,17,{870096EF-6D2A-4571-B7EB-30A795D61E62},,,0,0
Francis G. Newlands Park (Little Forest),"Military rd., Between 28th & 30th sts., NW",ROCR,893,10,,NPS,668,Francis G. Newlands Park,2299,,0000,RES 06680000,,ParkPly_47,18,{DF15435D-CD4C-4D1D-A1BD-5E2793409555},,,0,0
Fort Circle Park,"Rock Creek Park To Fort Stevens Park, NW",ROCR,832,6,,NPS,499,Fort Circle Park,0000,,0000,RES 04990000,,ParkPly_48,19,{EBB19C1B-F955-458A-9DA2-142CEB344B08},,,0,0
Fort Circle Park,"Rock Creek Park To Fort Stevens Park, NW",ROCR,832,6,,NPS,499,Fort Circle Park,0000,,0000,RES 04990000,,ParkPly_49,20,{B73A8A02-2E10-4497-BB8E-E458DD2C9573},,,0,0
Fort Circle Park,"Fort Stevens Park To Fort Slocum Park, NW",ROCR,832,"6, 8",,NPS,494,Fort Circle Park,MULTI-SQUARES & PARCELS,,0000,RES 04940000,,ParkPly_50,21,{04F3A753-7DB4-4987-8F55-9A43058019D7},,,0,0
Fort Circle Park,"Rock Creek Park To Fort Stevens Park, NW",ROCR,832,6,,NPS,499,Fort Circle Park,0000,,0000,RES 04990000,,ParkPly_52,23,{F19143D0-1CB8-4AE7-B2EF-3790317D1F2B},,,0,0
Fort Slocum Park,"2nd & 3rd Sts. To Oglethorpe & Madison Sts., NE",ROCR,887,"5, 6",,NPS,435,Fort Slocum Park,"3382,3383,3699,3700,3701,3702,3705,3706,3709",,0000,RES 04970000,,ParkPly_53,24,{CF5E480C-DE68-441B-B523-30E73234D116},,,0,0
Fort Circle Park,"Fort Slocum Park To Fort Totten Park, NE",ROCR,832,6,,NPS,497,Fort Circle Park,"3382,3383,3699,3700,3701,3702,3705,3706,3709",,0000,RES 04970000,,ParkPly_54,25,{409D7CB3-AD95-452B-8AF9-E878FB71C3CC},,,0,0
Fort Circle Park,"Fort Stevens Park To Fort Slocum Park, NW",ROCR,832,"6, 8",,NPS,494,Fort Circle Park,MULTI-SQUARES & PARCELS,,0000,RES 04940000,,ParkPly_55,26,{7AE787A4-7EDF-451A-AC98-24D835E34195},,,0,0
Fort Circle Park,"Fort Slocum Park To Fort Totten Park, NE",ROCR,832,6,,NPS,497,Fort Circle Park,"3382,3383,3699,3700,3701,3702,3705,3706,3709",,0000,RES 04970000,,ParkPly_56,27,{D3C793A3-028D-419C-BEE2-02691A780AFD},,,0,0
Fort Circle Park,"Fort Stevens Park To Fort Slocum Park, NW",ROCR,832,"6, 8",,NPS,494,Fort Circle Park,MULTI-SQUARES & PARCELS,,0000,RES 04940000,,ParkPly_58,29,{DA1E9C60-8F94-44D4-9531-17E827C504FB},,,0,0
Triangle,"Missouri Ave., Between Nicholson & 8th Sts. , NW",ROCR,892,8,,NPS,345,,2985,S,0000,RES 03450000,,ParkPly_59,30,{960D8B4D-4F28-4D7E-8925-17C7F0D24712},,,0,0
Triangle,"Missouri Ave., Between Marietta Pl. & 8th St., NW",ROCR,892,8,,NPS,346,,3155,N,0000,RES 03460000,,ParkPly_60,31,{57826109-4151-404B-A5ED-629D120E561E},,,0,0
Fort Circle Park,"Fort Stevens Park To Fort Slocum Park, NW",ROCR,832,"6, 8",,NPS,494,Fort Circle Park,MULTI-SQUARES & PARCELS,,0000,RES 04940000,,ParkPly_61,32,{4C0FB0BC-3D27-4565-8407-07021E9603E0},,,0,0
Fort Circle Park,"Fort Stevens Park To Fort Slocum Park, NW",ROCR,832,"6, 8",,NPS,494,Fort Circle Park,MULTI-SQUARES & PARCELS,,0000,RES 04940000,,ParkPly_62,33,{4B8A850C-28E8-430A-A980-DBEDE2C93225},,,0,0
Fort Circle Park,"Fort Reno Park To Rock Creek Park , NW",ROCR,832,6,,NPS,515,Fort Circle Park,MULTI-SQUARES,,0000,RES 05150000,,ParkPly_64,35,{3883ACCD-81CB-4B5A-8D90-DEC3E056E9A3},,,0,0
Fort Circle Park,"Fort Reno Park To Rock Creek Park , NW",ROCR,832,6,,NPS,515,Fort Circle Park,"2027,2290",,0000,RES 05150000,,ParkPly_67,38,{D830E5B5-730A-444D-879D-5EE332399187},,,0,0
Triangle,"Missouri Ave., Between Madison & 5th Sts., NW",ROCR,892,8,,NPS,348,,3262,,0000,RES 03480000,,ParkPly_68,39,{9F129084-E9FE-4728-9B2C-B3FB733D2D38},,,0,0
Fort Circle Park,"Fort Stevens Park To Fort Slocum Park, NW",ROCR,832,"6, 8",,NPS,494,Fort Circle Park,MULTI-SQUARES & PARCELS,,0000,RES 04940000,,ParkPly_69,40,{7C8AB582-F11D-4688-A7D4-933EE0D4B235},,,0,0
Fort Circle Park,"Fort Stevens Park To Fort Slocum Park, NW",ROCR,832,"6, 8",,NPS,494,Fort Circle Park,MULTI-SQUARES & PARCELS,,0000,RES 04940000,,ParkPly_70,41,{030DB1FE-9DFB-4C24-8EDA-2F021313C5A3},,,0,0
Fort Circle Park,"Fort Reno Park To Rock Creek Park , NW",ROCR,832,6,,NPS,515,Fort Circle Park,MULTI-SQUARES,,0000,RES 05150000,,ParkPly_71,42,{AD262D31-FCF2-455E-A1D6-0D5097BCB9B6},,,0,0
Fort Circle Park,"Fort Stevens Park To Fort Slocum Park, NW",ROCR,832,"6, 8",,NPS,494,Fort Circle Park,MULTI-SQUARES & PARCELS,,0000,RES 04940000,,ParkPly_72,43,{47D89D6A-023D-4FA5-9FB5-367BBEEC8095},,,0,0
Fort Circle Park,"Fort Reno Park To Rock Creek Park , NW",ROCR,832,6,,NPS,515,Fort Circle Park,MULTI-SQUARES,,0000,RES 05150000,,ParkPly_73,44,{89370A08-2320-40B1-A7CE-FBA73AFC21A2},,2025/01/23 01:09:53+00,0,0
Fort Circle Park,"Fort Reno Park To Rock Creek Park , NW",ROCR,832,6,,NPS,515,Fort Circle Park,MULTI-SQUARES,,0000,RES 05150000,,ParkPly_4,45,{13CF5AF6-9EA8-43F3-9338-AA0EB9A5DF97},,,0,0
Fort Bayard Park,"Western Ave., Between 46th & 47th sts., NW",ROCR,879,6,,NPS,359,Fort Bayard Park,1543,,0000,RES 03590000,,ParkPly_5,46,{DB52FE2C-9AB0-4DA1-9052-9C2E73E90747},,,0,0
Fort Circle Park,"Fort Reno Park To Rock Creek Park , NW",ROCR,832,6,,NPS,515,Fort Circle Park,MULTI-SQUARES,,0000,RES 05150000,,ParkPly_7,48,{43146967-D12F-4332-A4E1-086568FB26D9},,,0,0
Triangle,"Connecticut Ave., Between Fessenden & 36th Sts., NW",ROCR,893,8,,NPS,573,,0000,,0000,RES 05730000,,ParkPly_9,50,{F3890F13-18FA-494F-BE3F-2D36309DA2C1},,,0,0
Triangle,"Fessenden St., Between Reno Rd. & Nebraska Ave., NW",ROCR,893,6,,NPS,643,,1984,,0000,RES 06430000,,ParkPly_10,51,{6E3BE214-48D9-4DB8-8348-AA258D30FD21},,,0,0
Fort Circle Park,"Fort Reno Park To Rock Creek Park , NW",ROCR,832,6,,NPS,515,Fort Circle Park,MULTI-SQUARES,,0000,RES 05150000,,ParkPly_11,52,{953D3DC0-CF5D-444B-8845-664B6C07EA2F},,,0,0
Fort Circle Park,"Fort Totten Park To Barnard Hill, NE",ROCR,832,"6, 8",,NPS,451,Fort Circle Park,0000,,0000,RES 04510000,,ParkPly_12,53,{85581661-FA43-4E43-BBF5-906D96AF3477},,,0,0
Fort Circle Park,"Fort Reno Park To Rock Creek Park , NW",ROCR,832,6,,NPS,515,Fort Circle Park,1982,,0000,RES 03970000,,ParkPly_13,54,{59060A56-7B4D-4D93-BC6E-00B92E54890E},,,0,0
Fort Circle Park,"Fort Totten Park To Barnard Hill, NE",ROCR,832,"6, 8",,NPS,451,Fort Circle Park,0000,,0000,RES 04510000,,ParkPly_15,56,{2F4888C7-D751-43F0-A704-ACF1531C8360},,,0,0
Fort Circle Park,"Fort Totten Park To Barnard Hill, NE",ROCR,832,"6, 8",,NPS,451,Fort Circle Park,0000,,0000,RES 04510000,,ParkPly_16,57,{0B01F076-6323-4A55-97B5-8930C15C3513},,,0,0
Fort Circle Park,"Fort Reno Park To Rock Creek Park , NW",ROCR,832,6,,NPS,515,Fort Circle Park,MULTI-SQUARES,,0000,RES 05150000,,ParkPly_17,58,{D99E512C-BC51-40CC-8C62-3B59CE8F5A1F},,,0,0
Fort Circle Park,"Fort Totten Park To Barnard Hill, NE",ROCR,832,"6, 8",,NPS,451,Fort Circle Park,0000,,0000,RES 04510000,,ParkPly_18,59,{AE98CDE2-B7A5-410E-893D-9126A1FEE836},,,0,0
Fort Totten Park,"Bates Rd., South Of Riggs Rd., NE",ROCR,890,6,,NPS,544,Fort Totten Park,0000,,0000,RES 05440000,,ParkPly_19,60,{15774B71-CF9F-418D-8102-18CA56DFA3EF},,,0,0
Westmoreland Circle,"Massachusetts & Western Aves., NW",ROCR,892,"6, 8",,NPS,559,Westmoreland Circle,1486,,0000,RES 05590000,,ParkPly_21,62,{FF23DBB1-8803-4A2A-85AC-23E4306F8256},,,0,0
Dalecarlia Parkway,"Between Massachusetts Ave. & Loughboro Rd., NW",ROCR,0, ,1972/12/14 05:00:00+00,NPS,478,Dalecarlia Parkway,0000,,0000,RES 04780000,,ParkPly_22,63,{699849DF-4338-4F72-874C-ECA447282D2C},,,0,0
Triangle,"Kansas Ave. & 7th St., North Of Sherman Circle, NW",ROCR,892,8,,NPS,436,,3216,,0000,RES 04360000,,ParkPly_23,64,{EC7B1FB2-E0B0-487E-A1ED-2F8E6179C95E},,,0,0
Triangle,"Illinois Ave., Between 7th & Decatur Sts., NW",ROCR,892,8,,NPS,447,,3144,,0000,RES 04470000,,ParkPly_24,65,{C35FB420-A05E-4FFC-8BA0-3FD57C71E074},,,0,0
Sherman Circle,"7th & Crittenden Sts. To Kansas & Illinois Aves., NW",ROCR,845,8,,NPS,369,Sherman Circle,0000,,0000,RES 03690000,,ParkPly_25,66,{4E66ED96-872B-4D8F-A6AA-9E25E98BA876},,,0,0
Triangle,"Kansas Ave., South Of Sherman Circle, NW",ROCR,892,8,,NPS,438,,3141,,0000,RES 04380000,,ParkPly_29,70,{D7760CDE-28B4-448C-9E98-49647EEDC66D},,,0,0
Triangle,"Illinois Ave., Between 7th & Buchanan Sts., NW",ROCR,892,8,,NPS,448,,3219,,0000,RES 04480000,,ParkPly_30,71,{D4A3147E-833B-42FF-82E7-86FF25BD3491},,,0,0
Tenley Circle,"Nebraska & East Of Wisconsin Aves., NW",ROCR,892,8,,NPS,399,Tenley Circle,0000,,0000,RES 03990000,,ParkPly_31,72,{1A7115C7-6A89-4B75-AE0B-2C8F440DC967},,,0,0
Tenley Circle,"Nebraska & West Of Wisconsin Aves., NW",ROCR,892,8,,NPS,398,Tenley Circle,0000,,0000,RES 03980000,,ParkPly_32,73,{2888278A-EC8A-4CB2-8528-E352E31E6D9D},,,0,0
Fort Circle Park,"Fort Totten Park To Barnard Hill, NE",ROCR,832,"6, 8",,NPS,451,Fort Circle Park,0000,,0000,RES 04510000,,ParkPly_98,74,{F8634A8B-2F87-4021-88EA-1EB3811C0FD3},,,0,0
Triangle,"Reno Rd., Between 36th & Warren Sts., NW",ROCR,893,10,,NPS,686,,1966,S,0000,RES 06860000,,ParkPly_99,75,{C76AED4F-BCB6-4D7D-BE2F-AB7DBA4A25DD},,,0,0
Triangle,"Van Ness st., Between 41st & Nebraska Ave. NW",ROCR,878,8,,NPS,330B,,0000,,0000,RES 330B0000,,ParkPly_100,76,{28ABE6D9-1A62-4689-924A-675B19AEE75B},,,0,0
Triangle,"Illinois Ave., Between 5th & Webster Sts., & Grant Circle",ROCR,878,8,,NPS,312I,,3225,,0000,RES 312I0000,,ParkPly_101,77,{0A62D600-FCCE-47CA-8728-38FEC5608C99},,,0,0
Grant Circle,"New Hampshire Ave., Between Illinois Ave. & 5th St. NW",ROCR,830,8,,NPS,312,Grant Circle,0000,,0000,RES 03120000,,ParkPly_102,78,{264F8164-F63C-475D-A7C2-DE0E131B3858},,,0,0
Triangle,"Van Ness st., Between 42nd & Nebraska Ave., NW",ROCR,878,8,,NPS,330C,,0000,,0000,RES 330C0000,,ParkPly_104,80,{570AECBF-CD0F-44DB-8928-D6E2C84897D4},,,0,0
Fort Circle Park,"Fort Totten Park To Barnard Hill, NE",ROCR,832,"6, 8",,NPS,451,Fort Circle Park,0000,,0000,RES 04510000,,ParkPly_105,81,{F09449E6-2721-4A90-9DB3-C6040D5FC29B},,2025/01/23 01:05:17+00,0,0
Triangle,"5th st., Between Illinois Ave., Upsur St. & Grant Circle",ROCR,878,8,,NPS,312A,,3242,,0000,RES 312A0000,,ParkPly_106,82,{89519238-ED43-4858-AEC6-8D473C3EE5DE},,,0,0
Barnard Hill,"24th St., Between Randolph st. & Eastern Ave., NW",ROCR,832,"6,  8",,NPS,528,Barnard Hill,4299,,0000,RES 05280000,,ParkPly_108,84,{ACF195C3-6540-464D-855B-28C9248C1040},,,0,0
Center Parking,"Tilden St. & Linnean Ave., NW",ROCR,878,8,,NPS,308A,,0000,,0000,RES 308A0000,,ParkPly_109,85,{C758BCFE-BEE4-4209-9792-7AF754C571A6},,,0,0
Triangle,"Tilden St. & Reno Rd., NW",ROCR,893,8,,NPS,667,,0000,,0000,RES 06670000,,ParkPly_110,86,{8DB621E9-EC42-4D1B-B59B-2FC9CA621813},,,0,0
Rock Creek Park & Piney Branch Parkway,"Klingle Rd. To DC Line, West Of 16th St., NW",ROCR,821,"5,6,7,8",,NPS,339,Rock Creek Park & Piney Branch Parkway,0000,,0000,RES 03390000,,ParkPly_111,87,{9E57ECE7-7B8A-4ADA-AE91-C07243987FE7},,,0,0
Reservation 630,"South Of Tilden St., East & West Of Connecticut Ave., NW",ROCR,861,6,,NPS,630,Melvin C. Hazen Park,,,0000,RES 06300000,,ParkPly_112,88,{3F8B81FC-0910-4BE2-A3C8-A912E6B7CB24},,2022/09/19 20:14:43+00,0,0
Fort Circle Park,"American University Park To Fort Reno Park, NW",ROCR,832,"6, 8",,NPS,542,Fort Circle Park,"1599,1768,1772,1778,1779",,0000,RES 05420000,,ParkPly_113,89,{5AF92F6B-09C5-4873-970C-5A605263B58C},,,0,0
Ward Circle,"Massachusetts & Nebraska Aves., NW",ROCR,893,8,,NPS,572,,0000,,0000,RES 05720000,,ParkPly_114,90,{B1CAC906-7F1C-40CC-B7EE-D7F54505F221},,,0,0
Ward Circle,"Massachusetts & Nebraska Aves., NW",ROCR,893,8,,NPS,572,Ward Circle,0000,,0000,RES 05720000,,ParkPly_115,91,{6C064B25-BDFA-41B1-8013-8ED9636BE5BD},,,0,0
Ward Circle,"Massachusetts & Nebraska Aves., NW",ROCR,893,8,,NPS,572,,0000,,0000,RES 05720000,,ParkPly_116,92,{62591302-781B-40D9-8ED6-3B6B5329A821},,,0,0
Fort Circle Park,"Barnard Hill To Ft. Lincoln, NE",ROCR,832,6,,NPS,520,Fort Circle Park,4303,,0000,RES 05200000,,ParkPly_117,93,{137CAA75-912A-4D3F-913D-3CE3D0D94124},,,0,0
Fort Circle Park,"Barnard Hill To Ft. Lincoln, NE",ROCR,832,6,,NPS,520,Fort Circle Park,4303,,0000,RES 05200000,,ParkPly_118,94,{6E1FB8F5-CACF-4ACE-A8B0-54896BC01F6A},,,0,0
Fort Circle Park,"Barnard Hill To Ft. Lincoln, NE",ROCR,832,6,,NPS,520,Fort Circle Park,4303,,0000,RES 05200000,,ParkPly_120,96,{A74EC8F5-463B-4C24-A02F-67BD37E4BF95},,,0,0
Fort Bunker Hill,"Perry Pl., Between 13th & 14th Sts., NE",ROCR,880,"5, 6",,NPS,443,Fort Bunker Hill,3966,,0000,RES 04430000,,ParkPly_121,97,{271053DE-E2A5-411E-A792-F9D3FC421D48},,,0,0
Fort Circle Park,"Barnard Hill To Ft. Lincoln, NE",ROCR,832,6,,NPS,520,Fort Circle Park,4303,,0000,RES 05200000,,ParkPly_122,98,{FAB6CB26-F140-48D4-BDA5-EA5A856A93C0},,,0,0
Fort Circle Park,"Barnard Hill To Ft. Lincoln, NE",ROCR,832,6,,NPS,520,Fort Circle Park,4303,,0000,RES 05200000,,ParkPly_123,99,{F7F8062E-3CA5-4FBB-A059-65080FEE6CAC},,,0,0
,,,,<Null>,,,,,1818,,0849,1818    0849,,ParkPly_124,100,{B38B74A5-9ABD-4330-9D02-88D852BF6B8A},,,0,0
Fort Circle Park,"Barnard Hill To Ft. Lincoln, NE",ROCR,832,6,,NPS,520,Fort Circle Park,4303,,0000,RES 05200000,,ParkPly_125,101,{4192AFDF-9F2A-4231-A68C-132E6A50E3F8},,,0,0
Triangle,"Nebraska Ave., Between 45th & Rockwood Pkwy., NW",ROCR,893,8,,NPS,587,,0000,,0000,RES 05870000,,ParkPly_127,103,{DE39BC56-2356-45D8-8FC3-2544EDA8F7DC},,,0,0
Fort Circle Park,"Barnard Hill To Ft. Lincoln, NE",ROCR,832,6,,NPS,520,Fort Circle Park,4303,,0000,RES 05200000,,ParkPly_128,104,{FB788B87-EB09-4F66-A713-E0A58F07B7C2},,,0,0
Fort Circle Park,"Barnard Hill To Ft. Lincoln, NE",ROCR,832,6,,NPS,520,Fort Circle Park,4303,,0000,RES 05200000,,ParkPly_129,105,{AD53B2BB-C58E-45B4-81AD-45EA12E7381F},,,0,0
Fort Circle Park,"Barnard Hill To Ft. Lincoln, NE",ROCR,832,6,,NPS,520,Fort Circle Park,4303,,0000,RES 05200000,,ParkPly_130,106,{1DEFDE50-2103-4B7B-A419-FBCD40AA0CE6},,,0,0
,"South Dakota Ave., between 24th St. & Rhode Island Ave., NE
",ROCR,,<Null>,,NPS,313B,,0000,,0000,RES 313B0000,,ParkPly_134,110,{2DD71B56-C939-4E38-BC92-FF9F7852650F},,,0,0
Triangle,"Park Rd., Between Pine & 16th Sts., NW",ROCR,878,8,,NPS,309G,,2675,W,0000,RES 309G0000,,ParkPly_135,111,{5EC06072-E5A8-48FA-A643-A088C04F5E5C},,,0,0
Woodley Park,"Cortland Pl. & Devonshire Pl ., NW",ROCR,893,"6, 8",,NPS,635,Woodley Park,2103,,0804,2103    0804,,ParkPly_137,113,{6C8BD2C8-C23E-4F91-BCDA-82B398258CB2},,,0,0
,"Harewood Rd., between 4th St. & Michigan Ave., NE",ROCR,,<Null>,,NPS,614,,0000,,0000,RES 06140000,,ParkPly_138,114,{A89C39B6-4B22-4769-BF2F-05FF6184205A},,,0,0
Curb Parking,"Lamont & 15th Sts., Extended NE",ROCR,892,8,,NPS,361,,0000,,0000,RES 03610000,,ParkPly_141,117,{BACB2359-86F3-449C-996D-661A54A2A932},,,0,0
Triangle,Lamont & West Side Of 16th Sts. NW,ROCR,878,8,,NPS,309A,,2595,E,0000,RES 309A0000,,ParkPly_143,119,{F6B7E66D-8B58-4780-B23C-921078C81700},,,0,0
Potomac Palisades Parkway,"Key Bridge To DC Line, NW",CHOH,847,"5, 6, 7, 8, 9",,NPS,404,Potomac Palisades Parkway,0000,,0000,RES 04040000,,ParkPly_144,120,{175C4971-CD4F-4B39-B593-1B20ED2D2A77},,,0,0
Woodley Park,"Cortland Pl. & Devonshire Pl ., NW",ROCR,893,"6, 8",,NPS,635,,"2084,2103,2214,2215,2216",,0000,RES 03560000,,ParkPly_147,123,{8B0464C2-5FC7-4051-BA61-CF4C7462933B},,,0,0
Triangle,"16th & Irving Sts., NW",ROCR,893,8,,NPS,565,,0000,,0000,RES 05650000,,ParkPly_148,124,{1AD607EF-90AE-4B2E-9E30-E80968FE38C1},,,0,0
Triangle,"Mt. Pleasant St, Between 16th St., & Harvard St., NW",ROCR,878,8,,NPS,309B,,2594,,0000,RES 309B0000,,ParkPly_150,126,{5A6EE960-871F-448D-96FF-6FB6460E4D6C},,,0,0
National Zoo Entrance,"Harvard St. Entrance, NW",ROCR,821,6,,NPS,516,National Zoo Entrance,2587,,0000,RES 05160000,,ParkPly_77,130,{417C247A-06C8-436C-8F7A-A0F4B2006E44},,,0,0
Park,"Garfield St., Between Fulton St. & Foxhall Rd., NW",ROCR,836,"6, 8",,NPS,529,,"1339,1340,1381,1615",,0000,RES 05290000,,ParkPly_79,132,{4F3D8906-2202-438F-8761-895CAC878F82},,,0,0
Rabaut Park,"Mt. Pleasant St., Between 16th St., & Harvard St., NW",ROCR,878,8,,NPS,309C,Rabaut Park,0000,,0000,RES 309C0000,,ParkPly_80,133,{3ADAD6AB-B9BC-4BAE-A997-446C4E538C11},,,0,0
Park,"Garfield St., Between Fulton St. & Foxhall Rd., NW",ROCR,836,"6, 8",,NPS,529,,"1339,1340,1381,1615",,0000,RES 05290000,,ParkPly_81,134,{C7E11660-48B7-4648-979C-7DFCBAFEDC47},,,0,0
Chesapeake & Ohio Canal National Historical Park, ,CHOH,412, ,,NPS,404,,0000,,0000,RES 04040000,,ParkPly_83,136,{ABEA0D3F-6B3F-409D-AAD0-F3E139812C58},,,0,0
Meridian Hill Park,"16th St., Between Euclid & W Sts. NW",ROCR,872,4,,NPS,327,Meridian Hill Park,"2569,2570,2573",,0000,RES 03270000,,ParkPly_85,138,{02D0E31D-39B3-400A-A449-A69E698D9EE4},,,0,0
Normanstone Parkway,"Massachusetts Ave., Between Garfield & Normanstone Dr., NW",ROCR,857,"6, 8",,NPS,514,Normanstone Parkway,0000,,0000,RES 05140000,,ParkPly_87,140,{57796DAC-7F4B-4E09-BD76-F8AC5CEB9C72},,,0,0
,,,,<Null>,,NPS,,,0000,,0147,PAR 01730147,0173,ParkPly_88,141,{E62A39FA-24F5-4B33-AC8D-64E839C846BB},,,0,0
Triangle,"Florida Ave., & 10th St., NW",NACC,877,1,,NPS,272,,0000,,0000,RES 02720000,,ParkPly_89,142,{7796F95D-DBCA-49D8-9C8F-09D5007020BF},,,0,0
Center Parking,"Rock Creek Dr., Between Edgevale Terr. & Normanstone Dr.",ROCR,892,8,,NPS,338,,2140,,0000,RES 03380000,,ParkPly_90,143,{70784132-2813-4582-BA94-280CF3B01396},,,0,0
Potomac Palisades Parkway,"Key Bridge To DC Line, NW",ROCR,847,"5, 6, 7, 8, 9",,NPS,404,,1388,E,0805,1388E   0805,,ParkPly_92,145,{F43F7B9F-8715-422F-B9DF-4D22EECD8F1C},,,0,0
Curb Parking,"Ashmeade Pl., Between Connecticut Ave. & Kalorama Rd.",ROCR,878,8,,NPS,303D,,0000,,0000,RES 303D0000,,ParkPly_93,146,{C18702A6-C633-443E-894A-EAD259A8A047},,,0,0
,,,,<Null>,,NPS,,,PAR ,,0081,PAR 01730081,0173,ParkPly_94,147,{293CD367-E886-46D9-B6F8-8DBA3B1417D0},,,0,0
,"New Hampshire Ave. & 15th St., south of W St., NW
",,,<Null>,,NPS,148,,0000,,0000,RES 01480000,,ParkPly_95,148,{C7B3F512-BDE6-4966-9568-922959EF1442},,,0,0
Center Parking,"Connecticut Ave. & Belmont Rd., NW",ROCR,878,8,,NPS,303A &,,0000,,0000,RES 303A0000,,ParkPly_96,149,{50C87410-AF39-4351-BB26-6E75E6568261},,,0,0
Dumbarton Oaks Park,"Whitehaven Park & Montrose Park, NW",ROCR,863,10,,NPS,637,Dumbarton Oaks Park,2155,,0000,RES 06370000,,ParkPly_186,151,{20CCB9C4-B487-4E25-A569-4D996078330F},,,0,0
Triangle,"Florida Ave., Between V st. & West Of Ontario Rd., NW",NACC,877,1,,NPS,271,,0000,,0000,RES 02710000,,ParkPly_188,153,{19243881-81EC-4E5B-B242-58CB332C2E72},,,0,0
Triangle,"Above New Hampshire Ave. & 16th St., NW",NACC,876,8,,NPS,147,,0000,,0000,RES 01470000,,ParkPly_190,155,{B8AB6955-46E8-406B-88B5-9EAA33046020},,,0,0
Potomac Palisades Parkway,"Key Bridge To DC Line, NW",ROCR,847,"5, 6, 7, 8, 9",,NPS,404,,0000,,0000,RES 04040000,,ParkPly_195,160,{AD1A6EB1-0677-4CB7-BA8A-55052A876A2B},,,0,0
Triangle,"Connecticut Ave., Between Columbia Rd. & California. St.",ROCR,878,8,,NPS,303,,2356,S,0000,RES 03030000,,ParkPly_197,162,{04F79A56-EA24-4BAB-8E86-B0449BBEF9EB},,,0,0
Triangle,Below New Hampshire Ave. & 16th St. NW,NACC,876,8,,NPS,146,,0000,,0000,RES 01460000,,ParkPly_198,163,{4E3F852C-1F11-4B61-96DE-919A86D87ADA},,,0,0
Triangle,"Florida Ave., Between 19th st. & T Sts., NW",NACC,877,8,,NPS,270A,,0000,,0000,RES 270A0000,,ParkPly_202,167,{8DCEB029-428F-4596-A9BF-C591742A778E},,,0,0
Triangle,"Florida Ave., Between T & West Of 6th Sts., NW",NACC,877,1,,NPS,274,,0000,,0000,RES 02740000,,ParkPly_203,168,{E8ECBB33-7F45-4E61-9A84-B687AC712BC8},,,0,0
Triangle,"Vermont Ave., Between 10th & T Sts., NW",NACC,876,1,,NPS,169,,0000,,0000,RES 01690000,,ParkPly_204,169,{D687C5C4-9B3F-4E9E-A8F9-E97B18E2AD2E},,,0,0
Triangle,"Vermont Ave., Between 10th & T Sts., NW",NACC,876,1,,NPS,169,,0000,,0000,RES 01690000,,ParkPly_205,170,{3F4CA5E2-6364-4A02-B2A8-99AF2BE7353E},,,0,0
Triangle,"Vermont Ave. & 11th St., North Of S St., NW",NACC,893,8,,NPS,683,,0000,,0000,RES 06830000,,ParkPly_206,171,{1F297337-626E-4D33-ABDB-A760CCC753C6},,,0,0
Brentwood Park (Patterson Tract),"6th st., Between New York & Florida Aves., NE",NACC,849,6,,NPS,495,Brentwood Park,3594,,0000,RES 04950000,,ParkPly_207,172,{A3265060-739F-45DC-AE07-4AC811C3070A},,,0,0
Triangle,"Florida Ave., Between 21st & South Of S Sts., NW",NACC,877,1,,NPS,270,,0065,,0000,RES 02700000,,ParkPly_209,174,{A59683D0-F667-430C-A217-EF0D79D6BED2},,,0,0
Triangle,"Vermont Ave & 11th St., South Of S St., NW",NACC,893,8,,NPS,682,,0000,,0000,RES 06820000,,ParkPly_210,175,{D5E07002-D9EA-4894-A33A-3B28B9CE19CF},,,0,0
Triangle,"Vermont Ave. & 11th St., North Of R St. NW",NACC,876,8,,NPS,167,,0000,,0000,RES 01670000,,ParkPly_211,176,{3ECDA558-CF6E-4688-AC8A-184540C4BC8D},,,0,0
Brentwood Park (Patterson Tract),"6th st., Between New York & Florida Aves., NE",NACC,849,6,,NPS,495,Brentwood Park,3594,,0000,RES 04950000,,ParkPly_212,177,{94A7C74E-A96B-4502-99F6-AF2B5FAAF05F},,,0,0
Triangle,"Connecticut Ave., Between 20th & R Sts., NW",ROCR,892,8,,NPS,554,,0000,,0000,RES 05540000,,ParkPly_213,178,{F994D13C-70E4-431F-975A-D37BC9CFB049},,,0,0
Triangle,"Florida Ave., Between R & 2nd Sts., NW",NACC,877,1,,NPS,276,,0000,,0000,RES 02760000,,ParkPly_214,179,{FE749ABD-7AA7-44A0-8E43-2B8600AADD3D},,,0,0
Triangle,"Florida Ave., Between 1st & R Sts., NW",NACC,877,8,,NPS,276A,,3099,,0000,RES 276A0000,,ParkPly_218,183,{126E4E62-EBA1-4CC2-9FE9-476A9088B5E4},,,0,0
Sheridan Circle,"Massachusetts Ave., Between 23rd & R Sts., NW",NACC,825,8,,NPS,057A,Sheridan Circle,2512,W,0000,RES 057A0000,,ParkPly_220,185,{3648083D-54AB-44E1-BC59-A36521035E28},,,0,0
Triangle,"12th & Vermont Ave., North Of Q St., NW",NACC,893,8,,NPS,681,,0000,,0000,RES 06810000,,ParkPly_221,186,{A20B9DE0-55E5-4083-A769-C8E8A7EF87B4},,,0,0
Triangle,"Vermont Ave. & 12th St., South Of R st., NW",NACC,876,8,,NPS,165,,0000,,0000,RES 01650000,,ParkPly_222,187,{C6B0F760-F35B-4697-ADD6-15EEE8AE37DE},,,0,0
Triangle,"Connecticut Ave., Between 20th & Q Sts., NW",NACC,876,1,,NPS,149,,0000,,0000,RES 01490000,,ParkPly_223,188,{C2D1C7C4-B36C-4B33-A2B3-AFE0B584EBC6},,,0,0
Triangle,"Massachusetts Ave., Between 22nd & Q Sts., NW",NACC,862,1,,NPS,057,,0067,,0000,RES 00570000,,ParkPly_224,189,{0E6C0E37-3B79-4856-A867-E10C9019AFE5},,,0,0
Triangle,"Florida Ave., Between Q & West Of North Capitol St.",NACC,877,1,,NPS,277,,0000,,0000,RES 02770000,,ParkPly_225,190,{CDDFEBDF-2A53-4350-A800-F6B9D1306978},,,0,0
Triangle,"Massachsetts Ave., Between 21st & Q Sts., NW",NACC,862,1,,NPS,058,,0066,S,0000,RES 00580000,,ParkPly_226,191,{8E3C9A91-7FD5-46EB-A898-A294741C9A57},,,0,0
Triangle,"New Jersey Ave., Between 4th & Q Sts., NW",NACC,876,1,,NPS,190,,0000,,0000,RES 01900000,,ParkPly_229,194,{6EFAFED2-17EA-4460-8123-0B2C4EB2A161},,,0,0
Logan Circle,"Rhode Island & Vermont Aves., NW",NACC,829,1,,NPS,153,Logan Circle,0000,,0000,RES 01530000,,ParkPly_230,195,{1192FB30-64ED-4F5A-9CDF-B07D3648CCF2},,,0,0
Dupont Circle,"Massachusetts & Connecticut Aves., NW",NACC,826,1,,NPS,060,Dupont Circle,0114,E,0000,RES 00600000,,ParkPly_231,196,{B02F2548-6984-4153-BDAB-1B11C996EA88},,,0,0
Triangle,"Rhode Island Ave., Between 12th & P Sts., NW",NACC,876,1,,NPS,154,,0278,S,0000,RES 01540000,,ParkPly_232,197,{EFB8A3F4-B94E-474E-8028-78F05D62E7EA},,,0,0
Triangle,"Massachusetts., Between 20th & P sts., NW",NACC,862,1,,NPS,059,,0095,E,0000,RES 00590000,,ParkPly_233,198,{607B21D6-6F3D-4A2A-BBFD-E10CD4EE9C1E},,,0,0
Triangle,"Florida Ave., Between P & West Of 1st Sts., NE",NACC,877,1,,NPS,278,,0000,,0000,RES 02780000,,ParkPly_234,199,{D6757E62-2F67-4D6C-8440-6D4A93CE67CB},,,0,0
Triangle,"Vermont Ave., Between 13th & O Sts. NW",NACC,876,1,,NPS,163,,0000,,0000,RES 01630000,,ParkPly_236,201,{13491E94-667B-4344-9E11-FF4A15D61450},,,0,0
Triangle,"New York Ave., Between 1st & O Sts., NE",NACC,876,1,,NPS,184,,0000,,0000,RES 01840000,,ParkPly_238,203,{3EC07E12-9D89-489A-8387-0CE1C7696754},,,0,0
Mary McLeod Bethune Council House,"Vermont Ave., NW",NACE,0, ,,NPS,0000,,0242,,0055,0242    0055,,ParkPly_239,204,{CA866EEA-6B97-4B0E-B8B9-FDBA1EBA03F7},,,0,0
Triangle,"New Jersey Ave., Between 3rd & N Sts., NW",NACC,877,8,,NPS,192,,0554,W,0000,RES 01920000,,ParkPly_240,205,{D27B2359-EEB3-48C6-BDE4-181277213ED1},,,0,0
Triangle,"East Of Scott Circle, Massachusetts & Rhode Island Ave.",NACC,862,"1, 8",,NPS,064,,0000,,0000,RES 00640000,,ParkPly_241,206,{679B6174-02D9-4FC5-A0B2-4BE0AADE1EE5},,,0,0
Triangle,"North Of Res. 62 At Massachusetts Ave., NW",NACC,862,8,,NPS,062A,,0000,,0000,RES 062A0000,,ParkPly_242,207,{9B370A76-C1D4-43F4-8EDA-EA5E04AD6EAB},,,0,0
Triangle,"South Of Res. 64 At Massachusetts Ave., NW",NACC,862,8,,NPS,064B,,0000,,0000,RES 064A0000,,ParkPly_243,208,{5F8E5BCE-3F47-4D87-A091-437768D5A80A},,,0,0
Triangle,"West Of Scott Circle, Between Massachusetts & Rhode Island Ave., NW",NACC,862,"1, 8",,NPS,062,,0000,,0000,RES 00620000,,ParkPly_244,209,{BE025E8B-FEC7-492E-942F-CA76B68598FD},,,0,0
Scott Circle,"Massachusetts & Rhode Island Ave., NW",NACC,827,"1, 8",,NPS,063,Scott Circle,0000,,0000,RES 00630000,,ParkPly_245,210,{CD9BE394-B86D-4E8C-A416-F861301ED659},,,0,0
Triangle,"New York Ave., Between North Capitol St. & N St.,",NACC,876,1,,NPS,183,,0000,,0000,RES 01830000,,ParkPly_246,211,{F41A5A29-F4B7-4825-B9F4-93DF209A0E6E},,,0,0
Triangle,"Florida Ave., Between N & West Of 4th Sts., NE",NACC,877,1,,NPS,279,,0000,,0000,RES 02790000,,ParkPly_247,212,{3DDDD379-F09C-41A4-8A83-439BC9E4B933},,,0,0
Triangle,"New York Ave., Between North Capitol St. & N st.,",NACC,876,1,,NPS,183,,0000,,0000,RES 01830000,,ParkPly_248,213,{D40ED041-86E8-46ED-AA81-905D1217E743},,,0,0
Triangle,"New York Ave. & N St., West Of North Capitol St. NW",NACC,876,1,,NPS,182,,0000,,0000,RES 01820000,,ParkPly_249,214,{593D93F2-0C32-49D6-AF08-65B667C73CAA},,,0,0
Triangle,"Connecticut Ave., Between 18th & N Sts., NW",NACC,876,8,,NPS,150A,,0000,,0000,RES 150A0000,,ParkPly_250,215,{EFE618DE-6E5E-4A5F-84A4-2480D4363F63},,,0,0
Triangle,"South Of Res. 62 At Rhode Island Ave., NW",NACC,862,8,,NPS,062B,,0000,,0000,RES 062B0000,,ParkPly_251,216,{229FF4EF-D9E5-434B-8FA8-2209BB27350F},,,0,0
Triangle,"New York Ave. & N St., West Of North Capitol St. NW",NACC,876,1,,NPS,182,,0000,,0000,RES 01820000,,ParkPly_252,217,{05D8CA68-A733-41F5-AC65-515D4E7B22B7},,,0,0
"Anacostia Park, Section G",Anacostia River (both Banks) Between DC Line & Benning Rd.,NACE,831,"6, 9",,NPS,343G,Anacostia Park,0000,,0000,RES 343G0000,,ParkPly_254,219,{BCD6E7FC-2656-4BB4-8E4B-D42F5B394886},,,0,0
Potomac Palisades Parkway,"Key Bridge To DC Line, NW",ROCR,847,"5, 6, 7, 8, 9",,NPS,404,,0000,,0000,RES 04040000,,ParkPly_255,220,{98D99D03-BC4F-4D91-B548-A961E1D928F6},,,0,0
Triangle,"Vermont Ave. & 14th St., North Of Thomas Circle, NW",NACC,876,1,,NPS,162,,0244,,0802,0244    0802,,ParkPly_256,221,{C97CEAEB-031B-4989-BA46-000F2383CA0D},,,0,0
Triangle,"Connecticut Ave., Between 18th & M Sts., NW",NACC,876,1,,NPS,150,,0000,,0000,RES 01500000,,ParkPly_257,222,{84A79F81-D938-4AC8-B0AC-531C3C10E73B},,,0,0
Triangle,"New York Ave., Between 1st & M Sts., NW",NACC,876,1,,NPS,181,,0000,,0000,RES 01810000,,ParkPly_258,223,{21A1714E-67D8-4C06-936E-711EDE4C9E2E},,,0,0
Old stone House,"3051 M St., NE",ROCR,864,6,,NPS,693,Old stone House,1209,,0000,RES 06930000,,ParkPly_151,224,{14B1E633-3A3B-405E-9AC5-FDCF6AAAB248},,,0,0
Thomas Circle,"Massachusetts & Vermont Aves., NW",NACC,828,1,,,066,Thomas Circle,,,,RES 00660000,,ParkPly_152,225,{A31C7CCF-D295-41A5-B0D4-24EEB0BAF9AB},,,0,0
Triangle,Rhode Island Ave. & M St. NW,NACC,876,1,,NPS,151,,0000,,0000,RES 01510000,,ParkPly_153,226,{922C779D-065F-4616-90C0-D788F7B860F8},,,0,0
Triangle,"West Of Thomas Circle, Massachusetts Ave. & M st., NW",NACC,862,1,,NPS,065,,0000,,0000,RES 00650000,,ParkPly_154,227,{6A381E03-46B0-44F7-8B4B-9480EBE67D59},,,0,0
Triangle,"Florida Ave., Between M & East Of 6th Sts., NE",NACE,878,1,,NPS,280,,0280,,0000,RES 02800000,,ParkPly_155,228,{B1C1045E-E06F-42AF-AE48-6BA361C27485},,,0,0
Triangle,"New York Ave., Between 1st & M Sts., NW",NACC,876,1,,NPS,181,,0000,,0000,RES 01810000,,ParkPly_156,229,{306D7EA7-B65B-4B30-A62A-80E77F2B68D2},,,0,0
Center Parking,"New York Ave., Between New Jersey Ave. & 3rd St.,",NACC,876,8,,NPS,179,,0000,,0000,RES 01790000,,ParkPly_158,231,{CF496B4D-74E4-4E26-BB68-C24330F3E302},,,0,0
Triangle,"Massachusetts Ave. & M St., NW",NACC,862,1,,NPS,067,,0000,,0000,RES 00670000,,ParkPly_159,232,{72374F07-D8E0-428F-8547-739CE54BBC54},,,0,0
Triangle,"M St. & Maryland Ave., NE",NACE,893,6,,NPS,695,,4465,,0000,RES 06950000,,ParkPly_160,233,{F688A0F0-F55A-4CE5-845C-141C3F0C714B},,,0,0
Chesapeake & Ohio Canal National Historical Park,From Rock Creek and Potomac Parkway Along Potomac River To DC Line,CHOH,412,4,,NPS,404,,0000,,0000,RES 04040000,,ParkPly_165,238,{961468D2-20A5-49A8-8D2C-FE51F002A48D},,,0,0
Chesapeake & Ohio Canal National Historical Park,From Rock Creek and Potomac Parkway Along Potomac River To DC Line,CHOH,412,4,,NPS,404,,0000,,0000,RES 04040000,,ParkPly_166,239,{57636AD8-1661-4FD8-8A98-72F302D6E27E},,,0,0
Chesapeake & Ohio Canal National Historical Park,From Rock Creek and Potomac Parkway Along Potomac River To DC Line,CHOH,412,4,,NPS,404,,0000,,0000,RES 04040000,,ParkPly_167,240,{1C5CA6E9-77AE-490F-A775-2B5ADD5D9764},,,0,0
Chesapeake & Ohio Canal National Historical Park,From Rock Creek and Potomac Parkway Along Potomac River To DC Line,CHOH,412,4,,NPS,404,,0000,,0000,RES 04040000,,ParkPly_168,241,{09227616-0CB3-4449-BAEC-EC0E4337362E},,,0,0
Triangle,"Massachusetts Ave. & L St. To 11th & 12th Sts., NW",NACC,875,1,,NPS,068,,0000,,0000,RES 00680000,,ParkPly_169,242,{8C66BBB8-AA63-49E6-95C8-78EE3A9183F8},,,0,0
Samuel Gompers Memorial Park,"Massachusetts Ave. & L St. To 10th & 11th Sts., NW",NACC,875,1,,NPS,069,Samuel Gompers Memorial Park,0000,,0000,RES 069A0000,,ParkPly_170,243,{B8670A9E-A552-4F77-93C3-1FF74693B141},,,0,0
Triangle,"New York Ave., Between East Side Of 5th & L Sts.,",NACC,876,8,,NPS,177A,,0000,,0000,RES 177A0000,,ParkPly_171,244,{D3458955-C9EA-46A2-8DA2-06706EF5ED73},,,0,0
Samuel Gompers Memorial Park,"Massachusetts Ave. & L St. To 10th & 11th Sts., NW",NACC,875,1,,NPS,069,Samuel Gompers Memorial Park,0000,,0000,RES 00690000,,ParkPly_173,246,{C39EC404-A021-4260-8651-020464B8F7CD},,,0,0
Triangle,"New York Ave., Between 5th & L Sts., NW",NACC,876,1,,NPS,177,,0000,,0000,RES 01770000,,ParkPly_174,247,{170EE760-0629-461A-9800-66DD2CB59708},,,0,0
Triangle,"New York Ave. & L St., NW",NACC,876,1,,NPS,178,,0000,,0000,RES 01780000,,ParkPly_175,248,{98FB7A76-202C-439D-8C0C-65FEDC3615F7},,,0,0
Triangle,"Florida Ave., Between 9th & West Virginia Ave. , NE",NACE,878,1,,NPS,281,,0000,,0000,RES 02810000,,ParkPly_177,250,{C66F6D6E-B022-4556-86DB-41B1FE388F96},,,0,0
Triangle,"Massachusetts Ave., Between 11th & L Sts., NW",NACC,875,8,,NPS,069A,,0000,,0000,RES 069A0000,,ParkPly_178,251,{2820CA68-96F2-40EA-98D7-2BBA755C4865},,,0,0
Washington Circle,"Pennsylvania & New Hampshire Aves., NW",NACC,824,1,,NPS,026,Washington Circle,0040,N,0000,RES 00260000,,ParkPly_180,253,{79D32F55-3FF5-4D76-BA5B-0CDC8629B760},,,0,0
Triangle,"Massachusetts Ave., 8th & K Sts., NW",NACC,875,1,,NPS,070,,0000,,0000,RES 00700000,,ParkPly_181,254,{5002BDB4-DB4D-4C6B-9034-05F81075F022},,,0,0
Triangle,"New York Ave., Between 7th & K Sts., NW",NACC,876,1,,NPS,176,,0000,,0000,RES 01760000,,ParkPly_182,255,{94EBA927-1E94-413E-86E0-14A3BC17D72F},,,0,0
Franklin Square,"I To K St. & 13th To 14th Sts., NW",NACC,812,1,,NPS,009,Franklin Square,0000,,0000,RES 00090000,,ParkPly_183,256,{E2FE8AAE-9D22-45EE-985E-E86A2715BF2D},,,0,0
Mcpherson Square,"15th St., Between I & K Sts., NW",NACC,874,1,,NPS,011,McPherson Square,0218,W,0000,RES 00110000,,ParkPly_184,257,{AB92CA55-DEB7-478D-8C4C-EF10F706DF26},,,0,0
Farragut Square,"17th St., Between I & K Sts., NW",NACC,818,1,,NPS,012,Farragut Square,0185,W,0000,RES 00120000,,ParkPly_185,258,{4A6EB189-504E-4F83-9F6B-C71A63059B7B},,,0,0
Triangle,"New York Ave., Between 9th & K Sts., NW",NACC,876,1,,NPS,175,,0000,,0000,RES 01750000,,ParkPly_282,259,{E9321AED-E58D-443B-8867-A09C09DCC591},,,0,0
Triangle,"Massachusetts Ave., 7th & K Sts., NW",NACC,875,1,,NPS,071,,0000,,0000,RES 00710000,,ParkPly_283,260,{EF3310DF-0AAC-4100-B8A2-383B167F60F7},,,0,0
Triangle,"New Jersey Ave., Between 2nd & Above I Sts., NW",NACC,877,1,,NPS,193,,0000,,0000,RES 01930000,,ParkPly_284,261,{EF68415D-83E0-4F49-A6DA-E2C68369E2B6},,,0,0
Curb Parking,"I St., Between 5th & 6th Sts., NE",NACE,878,8,,NPS,315,,0831,,0802,0831    0802,,ParkPly_285,262,{25A630DD-FDEA-4167-819E-6F3BEEA5B19A},,,0,0
Triangle,"Florida Ave., & I st., West Of Orren St., NE",NACE,878,1,,NPS,283,,0000,,0000,RES 02830000,,ParkPly_286,263,{33247E92-76A3-4CE9-8523-7F6F9324E190},,,0,0
Triangle,"New Jersey Ave., Between 2nd & Below I Sts., NW",NACC,877,1,,NPS,194,,0000,,0000,RES 01940000,,ParkPly_287,264,{24A10348-8C94-44D8-8169-02A18C04A9BD},,,0,0
James Monroe Park,"Pennsylvania Ave., Between 20th & I Sts., NW",NACC,840,1,,NPS,029,James Monroe Park,0000,,0000,RES 00290000,,ParkPly_288,265,{23E2CAFE-7F80-44D1-AA3C-465C8974D552},,,0,0
Triangle,"Massachusetts Av. & I St. To 5th & 6th Sts., NW",NACC,875,1,,NPS,072,,0000,,0000,RES 00720000,,ParkPly_289,266,{672B76E2-53E3-4E3E-8830-C8B49115905A},,,0,0
Triangle,"New York Ave. Between 12th & I Sts., NW",NACC,876,1,,NPS,173,,0000,,0000,RES 01730000,,ParkPly_290,267,{868A5054-975A-48A6-9FEA-B4EB3D2A84F9},,,0,0
,"above Massachusetts Ave., between 5th & I Sts., NW",NAMA,,<Null>,,NPS,74,,0000,,0000,RES 00740000,,ParkPly_291,268,{CEEC67E2-25B2-4DF9-BF01-E8C98950D215},,,0,0
Triangle,"Pennsylvania Ave., Between 21st & I Sts., NW",NACC,840,1,,NPS,028,,0101,N,0000,RES 00280000,,ParkPly_293,270,{4A7C802E-1E5D-46B7-AF9B-E7248B848FDB},,,0,0
Triangle,"Below Massachusetts Ave., Between 5th & I Sts., NW",NACC,875,1,,NPS,073,,0000,,0000,RES 00730000,,ParkPly_294,271,{1E2E4859-CC22-4FD5-AB1F-4A065D342DF6},,,0,0
Triangle,"Virginia Ave., Between 27th & I Sts., Nw [Bricked]",ROCR,0,1,1965/03/02 05:00:00+00,NPS,095,,0000,,0000,RES 00950000,,ParkPly_295,272,{E20C30E2-E322-4972-B925-0D50443506E6},,,0,0
Center Parking,"New Hampshire Ave. & L St., NW",NACC,840,8,,NPS,026G,,0030,,0000,RES 026H0000,,ParkPly_296,273,{CEB7ACA4-EBC0-4403-AAA1-B4350484A568},,,0,0
Fort Circle Park,"Anacostia Park To Fort Mahan Park, NE",NACE,832,"6, 8",,NPS,523,Fort Circle Park,"5071,5076,5077,5094",E,0000,RES 05230000,,ParkPly_297,274,{42D1A707-00FD-4D34-8183-113003BC8F22},,,0,0
Fort Circle Park,"Anacostia Park To Fort Mahan Park, NE",NACE,832,"6, 8",,NPS,523,Fort Circle Park,"5071,5076,5077,5094",E,0000,RES 05230000,,ParkPly_298,275,{1E6A669F-9924-4084-8072-CA1190CDFA0C},,,0,0
Triangle,"New York Ave, & 13th st., NW East Of Res. 172",NACC,876,8,,NPS,172B,,0251,,0000,RES 172B0000,,ParkPly_299,276,{2D27CC4C-3F4F-48ED-9C21-FE0BAD5353B3},,,0,0
Triangle,"New York Ave. & H St., West Of 13th St., NW",NACC,876,1,,NPS,172,,0251,,0000,RES 01720000,,ParkPly_301,278,{DDDB8128-2AC8-412F-A19B-92A9161A115E},,,0,0
Lafayette Square,Pennsylvania Ave. to H St. and Jackson to Madison Pl.,NACC,803,1,,NPS,010,Lafayette Square,0187,,0000,RES 00100000,,ParkPly_302,279,{8E9EC3D7-A01D-4B3C-B303-FD002C08B295},,,0,0
Triangle,"New York Ave., Between 13th & H Sts., NW",NACC,876,8,,NPS,172A,,0000,,0000,RES 172A0000,,ParkPly_303,280,{D5418208-974F-47DC-BDF4-8DE40803767D},,,0,0
Fort Circle Park,"Anacostia Park To Fort Mahan Park, NE",NACE,832,"6, 8",,NPS,523,Fort Circle Park,"5071,5076,5077,5094",E,0000,RES 05230000,,ParkPly_306,283,{CD4D7989-FC18-43B4-A718-54E1F6F09890},,,0,0
,"New Hampshire Ave. between 25th & H Sts., NW ",,,<Null>,1969/06/30 04:00:00+00,NPS,135,,0031,,0000,RES 01350000,,ParkPly_307,284,{FE21736D-F9AC-454A-BE74-CF599C5D0027},,,0,0
,"New Hampshire Ave., south of H St., NW",,,<Null>,,NPS,26I,,0031,,0000,RES 026I0000,,ParkPly_308,285,{879ED224-5C24-4C0B-A1FD-1D98555275ED},,,0,0
Triangle,"Maryland Ave., 14th & G Sts., NE",NACE,877,1,,NPS,213,,0000,,0000,RES 02130000,,ParkPly_310,287,{91C48FDE-C236-4EF7-92F0-203461AB393F},,,0,0
Fort Circle Park,"Anacostia Park To Fort Mahan Park, NE",NACE,832,"6, 8",,NPS,523,Fort Circle Park,"5071,5076,5077,5094",E,0000,RES 05230000,,ParkPly_311,288,{99E91307-E205-4B98-89CE-27F0FCFC2AE5},,,0,0
Triangle,"Maryland Ave., & G st. East Of 13th St.,, NE",NACE,877,1,,NPS,212,,0000,,0000,RES 02120000,,ParkPly_313,290,{65C0B878-A2A0-4E26-98A8-CBCECED0F5ED},,,0,0
Triangle,"Maryland Ave., & G st. East Of 13th St.,, NE",NACE,877,1,,NPS,212,,0000,,0000,RES 02120000,,ParkPly_315,292,{6E64D251-DF3A-4FA5-BF0F-9B38825B27A9},,,0,0
"President's Park, White House Ground, Exec. Office, Treasury Bldg.","Pennsylvania Ave., Between 15th & 17th Streets NW",NACC,813,1,,NPS,001,White House Grounds,0187,,0000,RES 00010000,,ParkPly_316,293,{F8FA41D1-0C39-4733-836D-551DB84A708A},,,0,0
Triangle,"Virginia Ave., Between 25th & G Sts., NW",NACC,875,1,,NPS,098,,0031,,0000,RES 00980000,,ParkPly_317,294,{5B0C6054-F4B1-45D1-8940-A6AABC4D74C0},,,0,0
Triangle,"Massachusetts Ave., Between New Jersey Ave. & G St.",NACC,875,8,,NPS,077B,,0000,,0000,RES 077A0000,,ParkPly_318,295,{33D18E22-D6C0-4B82-97AB-8C04B43A7956},,,0,0
Triangle,"Virginia Ave., Between 24th & G Sts., NW",NACC,875,1,,NPS,099,,0031,,0000,RES 00990000,,ParkPly_320,297,{C141D809-FB92-4D34-B7EA-083F074C6963},,,0,0
Center Parking,"New Hampshire Ave., North Of F st., NW",ROCR,840,8,,NPS,026M,,0019,,0000,RES 026M0000,,ParkPly_321,298,{997791F7-A197-47E8-AA05-EE64A97B103E},,,0,0
Triangle,"Massachusetts Ave., Between North Capitol & F St.,",NACC,875,1,,NPS,078,,0000,,0000,RES 00780000,,ParkPly_322,299,{33CFAB47-B619-4D01-B13B-B9AFC80527F6},,,0,0
Triangle,"New Jersey Ave., Between 1st & F Sts., NW",NACC,877,1,,NPS,196,,0000,,0000,RES 01960000,,ParkPly_325,302,{B365CB27-F40B-4228-8412-543151C77BA1},,,0,0
Triangle,"Maryland Ave., Between 11th & F Sts., NE",NACE,877,1,,NPS,210,,0000,,0000,RES 02100000,,ParkPly_326,303,{9BF626B0-742C-4618-A382-FF3E0A71CF54},,,0,0
Triangle,Above Virginia Ave. & F St. NW,NACC,875,1,,NPS,101,,0058,,0000,RES 01010000,,ParkPly_328,305,{5F0DBF65-B06D-481C-95D0-63164A003F4F},,,0,0
"Anacostia Park, Section F","Anacostia River, Between Benning & Railroad Bridges",NACE,831,"6, 9",,NPS,343F,Anacostia Park,0000,,0000,RES 343F0000,,ParkPly_330,307,{5DC9BC21-2BE1-417A-B47E-AA27B6FA6456},,,0,0
Triangle,"Maryland Ave., Between 10th & E Sts., NE",NACE,877,1,,NPS,209,,0000,,0000,RES 02090000,,ParkPly_331,308,{EBBD6019-AC1D-4375-8A20-6869B830AE03},,,0,0
Commerce Building Plaza (Pershing Square),"Pennsylvania Ave. & E st. To 14th & 15th Sts., NW",NACC,893,"8, 9",,NPS,617,Pershing Square,0226,,0000,RES 06170000,,ParkPly_332,309,{10F7B29D-8C13-4EF2-85B0-D2B351687537},,,0,0
Triangle,Virginia Ave. & E St. NW,NACC,0,1,1965/08/03 04:00:00+00,NPS,102,,0000,,0000,RES 01020000,,ParkPly_333,310,{E064EAD8-1A99-481C-8259-C143F75F275F},,,0,0
Triangle,"Maryland Ave., Between 9th & E Sts., NE",NACE,877,1,,NPS,208,,0000,,0000,RES 02080000,,ParkPly_334,311,{2D50B2F0-032C-4686-ACFD-39CD81355DDD},,,0,0
Park (Adjoining Dept. of State),"Virginia Ave. & 22nd St., NW",NACC,893,"8, 9",,NPS,720,,0083,,0000,RES 07200000,,ParkPly_335,312,{E3B66503-C8C2-48B2-83BC-2DB9DBC18ED5},,,0,0
Triangle,"Virginia Ave., between 21st & D St NW",NACC,875,1,,NPS,104,,0083,,0809,0083    0809,,ParkPly_336,313,{084A4094-CA17-4C37-858F-CDDD1BE5568C},,,0,0
Rawlins Park,"E st., Between 18th & 19th sSs. NW",NACC,819,1,,NPS,013,Rawlins Park,0143,,0000,RES 00130000,,ParkPly_337,314,{29F4BCA9-D39C-42EB-B18B-DC11549C7D5A},,,0,0
Triangle,"Massachusetts Ave., Between 2nd & D Sts., NE",NACC,875,1,,NPS,082,,0000,,0000,RES 00820000,,ParkPly_341,318,{3919C153-6AB7-4FCF-BDB7-FC4C448F7C92},,,0,0
Triangle,"Maryland Ave., Between 7th & D Sts., NE",NACE,877,1,,NPS,207,,0000,,0000,RES 02070000,,ParkPly_342,319,{CA295876-2EE7-4D83-BA1A-715130745297},,,0,0
Triangle,"Indiana Ave., Between 3rd & D Sts., NW",NACC,876,1,,NPS,187,,0000,,0000,RES 01870000,,ParkPly_344,321,{871D1445-5766-46B0-9176-FC04D5B44997},,,0,0
Triangle,"Maryland Ave. & D st., East Of 9th St., NE",NACE,877,1,,NPS,206,,0000,,0000,RES 02060000,,ParkPly_345,322,{6EE93EAF-C881-4885-AFA5-73D8CC126F56},,,0,0
Triangle,"Massachusetts Ave., Between 3rd & D Sts., NE",NACC,875,1,,NPS,083,,0000,,0000,RES 00830000,,ParkPly_346,323,{501DF908-5080-4B8F-A198-871AEFAD630E},,,0,0
,"D St., Louisiana & New Jersey Aves., NW",NAMA,,<Null>,,NPS,728,,0632,,0000,RES 07280000,,ParkPly_347,324,{1832BB3B-3642-4840-8620-0460F710CE67},,,0,0
Circle,"Indiana Ave., Between 7th & C Sts., NW",NACC,840,8,,NPS,036A,,0459,,0000,RES 036A0000,,ParkPly_352,329,{B5095345-ED11-4D94-B96E-484217562B69},,,0,0
Triangle,"Virginia Ave., Between 19th & C Sts., NW",NACC,875,1,,NPS,108,,0128,,0000,RES 01080000,,ParkPly_353,330,{2B3E2B87-A2D1-496C-803C-5540B099A5EA},,,0,0
,"Louisiana Ave., C & 1st Sts., NW",NAMA,,<Null>,,NPS,727,,0633,,0000,RES 07270000,,ParkPly_355,332,{A3192750-4DCC-40DA-8ACD-677A28C8E4BB},,,0,0
Triangle,"Virginia Ave., Between 18th & C Sts., NW",NACC,892,9,,NPS,383,,0146,,0000,RES 03830000,,ParkPly_356,333,{076FA7B5-828B-4F57-A5DC-365B6FC4FE30},,,0,0
Fort Circle Park,"Fort Mahan Park To Fort Dupont Park, SE",NACE,832,6,,NPS,500,Fort Circle Park,"5083,5084,5396,5397,5398,5400,5403,5407",,0000,RES 05000000,,ParkPly_357,334,{667795D9-754D-4C10-B262-2D2F88438979},,,0,0
Square 147 (Pan American Annex),"Virginia & Constitution Aves. To 18th & 19th Sts., NW",NACC,892,9,,NPS,384,,0147,,0000,RES 03840000,,ParkPly_358,335,{F334F3C1-9476-425B-82F6-6F64D53F9D15},,,0,0
,"Constitution Ave., between 21st & 22nd Sts., NW",NAMA,,<Null>,,NPS,332A,,0088,,0000,RES 332A0000,,ParkPly_261,338,{8F53EA65-FB9D-4DC8-A74B-F2B41EA43C3C},,,0,0
Curb Parking,"Constitution Ave., Between 22nd & 23rd Sts., NW",NACC,801,2,,NPS,332B,,"0062,0063",,0000,RES 332B0000,,ParkPly_262,339,{66A2917B-7A98-44DD-B335-130391D81DAA},,,0,0
Triangle - Mellon Fountain,"6th st., Between Pennsylvania & Constitution Aves.",NACC,892,"3, 8",,NPS,546,Mellon Fountain,0461,E,0000,RES 05460000,,ParkPly_263,340,{C7241BA8-68D1-4994-BDC2-0F498D692B0F},,,0,0
Triangle,"Constitution Ave. & 18th St., NW",NACC,875,1,,NPS,110,,0000,,0000,RES 01100000,,ParkPly_264,341,{368B48DB-C8CF-4DA2-9901-5F9213EAD002},,,0,0
Triangle,"Maryland Ave., Between 3rd & Constitution Ave., NE",NACE,877,1,,NPS,205,,0000,,0000,RES 02050000,,ParkPly_265,342,{9EC11D99-CC32-4065-8111-0F3F27749C61},,,0,0
Triangle,"42nd & Blaine St., NE",NACE,893,10,,NPS,718A,,5086,,0000,RES 718A0000,,ParkPly_267,344,{64B80F55-3B4E-4570-81E6-22CC43FCE160},,,0,0
Triangle,"Maryland Ave., Between 3rd & Constitution Ave., NE",NACE,877,1,,NPS,205,,0000,,0000,RES 02050000,,ParkPly_268,345,{60476E37-99B9-4793-96D3-922334E1D265},,,0,0
Triangle,"Benning Rd. & Blaine St., NE",NACE,893, 10,,NPS,718,,5086,,0000,RES 07180000,,ParkPly_269,346,{D21E2A76-E505-472A-BDB1-54E9FD9A5736},,,0,0
Triangle - Mellon Fountain,"6th st., Between Pennsylvania & Constitution Aves.",NACC,892,"3, 8",,NPS,546,,0461,E,0000,RES 05460000,,ParkPly_270,347,{256570E5-B8F3-4394-84C8-20D1CCB0F462},,,0,0
Washington Monument & Grounds,"14th To 17th Sts., E St. To Constitution Ave., NW",NACC,807,1,,NPS,002,Washington Monument & Grounds,0000,,0000,RES 00020000,,ParkPly_271,348,{C2C179A2-FD31-4BA8-8203-292221B7B528},,,0,0
"The Mall, Smithsonian Grounds","12th To 9th Sts NW & Constitution Ave., NW To Independence Ave.",NACC,802,1,,NPS,003,The National Mall,PAR ,,0006,PAR 03160006,0316,ParkPly_272,349,{C45970D5-64B2-4C59-8534-0570A505C93E},,,0,0
The Mall,"7th To 6th St. NW & Constitution Ave., To Independence Avenue, SW",NACC,802,"1, 7, 9",,NPS,04 & 5,The National Mall,PAR ,,0007,PAR 03160007,0316,ParkPly_273,350,{1B83FD54-190B-4D6F-AED6-D07D02A22FF5},,,0,0
Triangle,"3rd st., Between Pennsylvania & Constitution Ave.,",ROCR,892,"3, 8",,NPS,553,,0533,S,0000,RES 05530000,,ParkPly_274,351,{31D07CBD-FFED-48BC-AFFF-989E55C9E78D},,,0,0
Triangle,"Maryland Ave., Between 2nd & Constitution Ave., NE",NACE,877,1,,NPS,204,,0000,,0000,RES 02040000,,ParkPly_275,352,{FC40E160-75E6-4815-B094-9377E6769ED6},,,0,0
Triangle,"Maryland Ave., Between 2nd & Constitution Ave., NE",NACE,877,1,,NPS,204,,0000,,0000,RES 02040000,,ParkPly_276,353,{2C6D960A-BFF7-42BD-B9FC-37A2975CF8DE},,,0,0
Lincoln Park,"East Capitol St., Between 11th &13th Sts., NE & SE",NACE,810,1,,NPS,014,Lincoln Park,0988,,0000,RES 00140000,,ParkPly_278,355,{D2FB7810-5F2B-4231-A281-AD4338BA78C6},,,0,0
Triangle,"Central Ave., Between 50th & East Capitol Sts., SE",NACE,893,8,,NPS,669,,0000,,0000,RES 06690000,,ParkPly_281,358,{20885F33-5069-46BC-A1C0-8F104CA17B85},,,0,0
Fort Chaplin Park,"South Of East Capitol St., Between Chaplin St. & T St.",NACE,881,6,,NPS,609,Fort Chaplin Park,"5404,5406",,0000,RES 06090000,,ParkPly_379,359,{D6003BD0-EF0B-4AAD-8A40-29287D022180},,,0,0
Fort Circle Park,"Fort Mahan Park To Fort Dupont Park, SE",NACE,832,6,,NPS,500,Fort Circle Park,"5083,5084,5396,5397,5398,5400,5403,5407",,0000,RES 05000000,,ParkPly_380,360,{BB65939A-F14C-4A8D-AAC3-A4834F7EB2D0},,,0,0
Triangle,"Maryland Ave., Between 3rd & Independence Ave., SW",NACC,877,1,,NPS,201,,0000,,0000,RES 02010000,,ParkPly_382,362,{B9A68C35-156F-427B-93A5-16699540013A},,,0,0
Center Parking,"Pennsylvania Ave., Between 2nd & 3rd Sts.SE",NACE,840,8,,NPS,037A,,0762,,0000,RES 037A0000,,ParkPly_383,363,{FBFF2176-2107-41C2-AD7A-1AF0FA9F44E9},,,0,0
Center Parking,"Pennsylvania Ave., Between 2nd & 3rd Sts.SE",NACE,840,8,,NPS,037A,,0762,,0000,RES 00370000,,ParkPly_384,364,{76530720-5546-4E67-95FA-C1E76414D89B},,,0,0
Center Parking,"Pennsylvania Ave., Between 2nd & 3rd Sts.SE",NACE,840,8,,NPS,037A,,0762,,0000,RES 00370000,,ParkPly_385,365,{4955432E-DE6E-439A-A82C-F37F8BBEFD40},,,0,0
"The Mall, Seaton Park, West","6th To 4th., NW & Constitution NW To Independence",NACC,802,"1,  7, 9",,NPS,005,,0492,N,0800,0492N   0800,,ParkPly_386,366,{C4D9EAC3-9212-4903-9C46-DB44BF56556A},,,0,0
Center Parking,"Pennsylvania Ave., Between 2nd & 3rd Sts.SE",NACE,840,8,,NPS,037A,,0762,,0000,RES 037A0000,,ParkPly_387,367,{1457A951-1334-40C1-B115-9701F7B61A4F},,,0,0
Center Parking,"Pennsylvania Ave., Between 3rd & 4th Sts.SE",NACE,840,8,,NPS,037B,,0790,,0000,RES 037B0000,,ParkPly_388,368,{C88780DA-B6C8-4D8B-9446-1C8BB81DA206},,,0,0
Triangle,"Pennsylvania Ave., Between 5th & C Sts.SE",NACE,840,1,,NPS,040,,0819,S,0000,RES 00400000,,ParkPly_389,369,{C9A537A0-BF70-43F9-852A-343B7BA0EC41},,,0,0
Fort Circle Park,"Fort Mahan Park To Fort Dupont Park, SE",NACE,832,6,,NPS,500,Fort Circle Park,"5083,5084,5396,5397,5398,5400,5403,5407",,0000,RES 05000000,,ParkPly_390,370,{C670819D-1C11-4228-B7AD-F8C548773DB3},,,0,0
Center Parking,"Pennsylvania Ave., Between North Carolina Ave. & 4th St, SE",NACE,840,8,,NPS,038A,,0819,S,0000,RES 038A0000,,ParkPly_391,371,{081434F9-F5FF-44AD-B55D-5E7EC6AC4697},,,0,0
Triangle,"North Carolina & Pennsylvania Ave. To 5th & C Sts, SE",NACE,840,1,,NPS,042,,0843,S,0000,RES 00430000,,ParkPly_392,372,{2E206731-BEB0-4F60-8F98-2317CFAE8CD6},,,0,0
Park,"C St., Between 7th & 9th Sts., SW",NACC,875,1,,NPS,113,,0000,,0000,RES 01130000,,ParkPly_393,373,{3F1731C6-1CC9-45AF-A996-FE1ED77C2F23},,,0,0
Triangle,"North Carolina Ave., Between 5th & C Sts., SE",NACE,840,1,,NPS,039,,0819,S,0000,RES 00380000,,ParkPly_394,374,{E0ECF75E-9BEC-40AB-A479-2BEC6EA03D94},,,0,0
Center Parking,"Pennsylvania Ave., Between North Carolina Ave. & 6th St., SE",NACE,840,8,,NPS,041A,,0843,S,0000,RES 041A0000,,ParkPly_395,375,{AAF499D6-A3D4-4BC2-916E-90724C6C24B7},,,0,0
Triangle,"Pennsylvania Ave., Between 5th & C Sts.SE",NACE,840,1,,NPS,041,,0819,S,0000,RES 00390000,,ParkPly_396,376,{C58D89A1-7E68-4116-96BD-E3B3C90D39F7},,,0,0
Center Parking,"Pennsylvania Ave, Between 6th & 7th sts., SE",NACE,840,8,,NPS,041B,,0874,,0000,RES 041B0000,,ParkPly_397,377,{117B3F8D-7C94-4390-B8C0-35065CF0FFDA},,,0,0
,"1901 Maryland Ave., between 10th & D Sts., SW",,,<Null>,,NPS,198,,0352,,0000,RES 01980000,,ParkPly_398,378,{474EE73E-5C6B-487C-920B-9CF676D34E57},,,0,0
Triangle,"Virginia Ave., Between 6th & D Sts., SW",NACC,875,1,,NPS,115,,0000,,0000,RES 01150000,,ParkPly_399,379,{AA4B8F70-5703-4FE9-BC4F-F4AEA21EEE33},,,0,0
Folger Park,"D St., Between 2nd & 3rd Sts., SE",NACE,822,1,,NPS,016,Folger Park,0763,S,0000,RES 00160000,,ParkPly_400,380,{549FAEC7-A442-4665-B023-1CAC33A6C76F},,,0,0
,"Washington Ave. (Canal St.), between D & South Capitol Sts., NW",,,<Null>,,NPS,6F,,0640,,0000,RES 006F0000,,ParkPly_401,381,{DD2DBD32-FED0-48A1-8337-AB47627FFDA0},,,0,0
,"1901 Maryland Ave., between 12th & D Sts., SW",NAMA,,<Null>,,NPS,197,,0000,,0000,RES 01970000,,ParkPly_402,382,{F8DE41FA-A940-4478-B07D-A0F13D551E9E},,,0,0
Fort Circle Park,"Fort Mahan Park To Fort Dupont Park, SE",NACE,832,6,,NPS,500,Fort Circle Park,5397,,0800,5397    0800,,ParkPly_403,383,{10DE655E-35E4-4782-A3FB-1661D32F8E96},,,0,0
Center Parking,"Pennsylvania  Ave., Between 7th & 8th sts., SE",NACE,840,1,,NPS,044A,,0901,S,0000,RES 044A0000,,ParkPly_404,384,{87303F2B-23D6-4DD1-916C-088A7D999E32},,,0,0
Center Parking,"Pennsylvania Ave., Between 8th & 9th Sts.SE",NACE,840,8,,NPS,047A,,0924,S,0000,RES 047A0000,,ParkPly_405,385,{EFAE8A6E-C4D3-4D06-B33B-5AD96ABF8E14},,,0,0
Center Parking,"Pennsylvania Ave., Between 9th & 10th Sts.SE",NACE,840,8,,NPS,047B,,0948,,0000,RES 047B0000,,ParkPly_406,386,{3B1751C3-CF2C-4E35-8580-B5B2A5379DF9},,,0,0
,"South Capitol St., between Washington Ave. (Canal St.) and E St., SW
",,,<Null>,,NPS,6G,,0000,,0000,RES 006G0000,,ParkPly_407,387,{A61A2047-C78E-47BA-8F62-9F09BCB8EE67},,,0,0
,"North Carolina Ave., between E St. & east of 1st St., SE",,,<Null>,1969/01/30 05:00:00+00,NPS,229,,0000,,0000,RES 02290000,,ParkPly_408,388,{E4733B94-3D0F-4503-9649-B03AD176FD99},,,0,0
Fort Dupont Park,"Minnesota & Massachusetts Aves., SE",NACE,883,"5, 6, 7, 10",,NPS,405,Fort Dupont Park,MULTI-SQUARES & PARCELS,,0000,RES 04050000,,ParkPly_409,389,{F0E152A5-10FE-4757-9C9B-D262C47F7DC8},,,0,0
Center Parking,"Pennsylvania Ave., Between 10th & 11th Sts., SE",NACE,840,8,,NPS,050A,,0973,,0000,RES 050A0000,,ParkPly_410,390,{8F6AD55E-20CF-46F3-9168-0D72128A04FD},,,0,0
Marion Park,"E st., Between 4th & 6th Sts., SE",NACE,823,1,,NPS,018,Marion Park,0821,S,0000,RES 00180000,,ParkPly_412,392,{166979F9-A608-4F36-A77D-A1A405D99C56},,,0,0
Triangle,"Pennsylvania Ave., Between 10th & E Sts., SE",NACE,840,1,,NPS,050,,0973,,0000,RES 00500000,,ParkPly_413,393,{10301FA4-F7C1-42CE-B336-665EF9BE62AF},,,0,0
,,,,<Null>,,NPS,,,5295,,0812,5295    0812,,ParkPly_414,394,{A28F2D9A-D7D1-442C-B00A-CC551E9442A6},,,0,0
Center Parking,"Pennsylvania Ave., Between 11th & 12th Sts., SE",NACE,840,1,,NPS,051A,,0994,,0000,RES 051A0000,,ParkPly_415,395,{14914181-2932-4FEE-8445-A7A30CAD10F1},,,0,0
Triangle,"Pennsylvania Ave., Between 12th & E Sts., SE",NACE,840,1,,NPS,051,,0994,,0000,RES 00510000,,ParkPly_416,396,{85B5E56F-A54C-4116-987A-109157718A07},,,0,0
East Potomac Park,"Hains Pt. Below Long Railroad Bridge, SW",NACC,805,9,,NPS,333,East Potomac Park,PAR ,,0005,PAR 03160005,0316,ParkPly_417,397,{AC9EB676-3356-4A4C-84B4-8D57AC44D43D},,,0,0
,,,,<Null>,,NPS,,,5295,,0813,5295    0813,,ParkPly_418,398,{8FF42D96-58C5-4BC2-9E41-3ED149375F21},,,0,0
Center Parking,"Pennsylvania Ave., Between 12th & 13th Sts., SE",NACE,840,8,,NPS,052A,,1019,S,0000,RES 052A0000,,ParkPly_419,399,{03B08407-4CB5-46CC-B994-3C50018BAA72},,,0,0
,,,,<Null>,,NPS,,,5296,,0810,5296    0810,,ParkPly_420,400,{B367691E-BF5B-42D8-9BC5-5D539FFF99BB},,,0,0
,,,,<Null>,,NPS,,,5287,,0803,5287    0803,,ParkPly_422,402,{1D8BB5F5-7C42-4D7B-999B-75B6E2E81B0C},,,0,0
Triangle,"Pennsylvania Ave., Between 13th & G Sts., SE",NACE,840,8,,NPS,052,,1019,S,0000,RES 00520000,,ParkPly_423,403,{9B69D2B0-4742-4508-B833-CA3324D1AFCF},,,0,0
Center Parking,"Pennsylvania  Ave., Between 13th & 14th sts., SE",NACE,840, ,,NPS,053A,,1044,,0000,RES 053A0000,,ParkPly_424,404,{79339ED3-5E45-4D1E-A01F-92F72E5C6090},,,0,0
,,,,<Null>,,NPS,,,5298,,0803,5298    0803,,ParkPly_425,405,{DF8422F6-C300-4813-9B58-42889230E044},,,0,0
,,,,<Null>,,NPS,,,5297,,0803,5297    0803,,ParkPly_426,406,{92B0CD39-E3B9-46CA-B728-71AE733341F2},,,0,0
Triangle,"Pennsylvania  Ave., Between Potomac & 14th sts., SE",NACE,840, ,,NPS,054,,1044,,0000,RES 053A0000,,ParkPly_427,407,{DE12798C-F19E-41EF-951A-734F8DAECED5},,,0,0
 , , ,0, ,,NPS,054M,,0000,,0000,RES 054E0000,,ParkPly_428,408,{3048B125-4996-4AE8-9464-872E6DDB9C04},,,0,0
Triangle,North Side Pennsylvania  Ave. At Potomac Ave,NACE,840, ,,NPS,054E,,1046,NE,0000,RES 00540000,,ParkPly_429,409,{DA22C6D7-BF9B-444D-AD54-D9A787E015AA},,,0,0
Triangle,"South Side Pennsylvania Ave. At Potomac Ave., SE",NACE,840, ,,NPS,054F,,1046,NE,0000,RES 054D0000,,ParkPly_430,410,{4B1E1F6E-D6E8-4B61-A769-B938C7CF81AB},,,0,0
Center Parking,"Pennsylvania  Ave & Potomac Aves., SE",NACE,840, ,,NPS,054D,,1046,NE,0000,RES 054C0000,,ParkPly_431,411,{E7A21FE7-71A3-472C-B9D3-507572A5F8E2},,,0,0
Center Parking,"Pennsylvania  Ave., Between 14th & 15th sts., SE",NACE,840, ,,NPS,054A,,1065,,0000,RES 054A0000,,ParkPly_432,412,{995C57BD-FCD5-4C64-9873-02492F152744},,,0,0
Triangle,"Pennsylvania  Ave., Between Potomac & 14th sts., SE",NACE,840, ,,NPS,054C,,0000,,0000,RES 054F0000,,ParkPly_433,413,{D9091930-0182-44BA-BB8B-7A328E92B277},,,0,0
Center Parking,"Pennsylvania  Ave., Between 15th & 16th sts., SE",NACE,840, ,,NPS,054B,,1078,,0000,RES 054B0000,,ParkPly_434,414,{4C6A9379-2951-4AD5-8E75-450A0A95443C},,,0,0
Triangle,"Virginia Ave., & I St. To 4th & 5th Sts., SE",NACE,875,1,,NPS,122,,0000,,0000,RES 01220000,,ParkPly_435,415,{3CAC26B2-B353-4512-9BA4-212BC36568B3},,,0,0
Randle Circle,"Massachusetts Ave., Minnesota Ave., and 32nd St., SE",,,<Null>,,NPS,726,Randle Circle,0000,,0000,RES 07260000,,ParkPly_438,418,{68E5A713-8743-4C51-AD87-388D199581A9},,,0,0
Triangle,"Virginia Ave., Between West Side Of 7th & K Sts., SE",NACE,875,8,,NPS,124A,,0000,,0000,RES 124A0000,,ParkPly_439,419,{B494546B-89DE-49C7-B443-039BD29A5C50},,,0,0
Center Parking,"Pennsylvania Ave., East Of Minnesota., SE",NACE,892,8,,NPS,487A,,5556,,0000,RES 04870000,,ParkPly_359,422,{CAAFE9A1-9147-4438-87F1-303099AE48AF},,,0,0
Center Parking,"Pennsylvania Ave., East Of Minnesota., SE",NACE,892, ,,NPS,487B,,5556,,0000,RES 04870000,,ParkPly_360,423,{2C9199C5-033B-475C-9457-1B0EA9DF3750},,,0,0
Center Parking,"Pennsylvania Ave., West Of Minnesota., SE",NACE,892, ,,NPS,487C,,5560,,0000,RES 04870000,,ParkPly_361,424,{417E4B30-C6AC-43BE-95DF-227BBE515CB9},,,0,0
Center Parking,"Pennsylvania Ave., East Of Prout St., SE",NACE,892, ,,NPS,487D,,5560,,0000,RES 04870000,,ParkPly_362,425,{84488CD6-0F70-4E56-9E3F-1F1206092761},,,0,0
Triangle,"Pennsylvania Ave., Between O & 28th Sts., SE",NACE,892,8,,NPS,336A,,5551,,0000,RES 336A0000,,ParkPly_363,426,{831FB190-E9EC-4902-B2C1-20E7C03D5219},,,0,0
Fort Circle Park,"Fort Dupont To Fort Stanton Park, SE",NACE,832,"6, 8",,NPS,518,Fort Circle Park,MULTI-SQUARES & PARCELS,,0000,RES 05180000,,ParkPly_364,427,{0A9C7D57-43AD-42E9-9ABA-F076FFFCDE95},,,0,0
Fort Circle Park,"Fort Dupont To Fort Stanton Park, SE",NACE,832,"6, 8",,NPS,518,Fort Circle Park,MULTI-SQUARES & PARCELS,,0000,RES 05180000,,ParkPly_365,428,{3AC7E9FD-D66C-4020-B796-66038C93CDB3},,,0,0
Fort Circle Park,"Fort Dupont To Fort Stanton Park, SE",NACE,832,"6, 8",,NPS,518,Fort Circle Park,MULTI-SQUARES & PARCELS,,0000,RES 05180000,,ParkPly_366,429,{385F6461-5D67-4FD4-A527-4F40748B65A3},,,0,0
Fort Davis,"Pennsylvania & Alabama Aves., SE",NACE,882,"8, 9",,NPS,336,Fort Davis,0000,,0000,RES 03360000,,ParkPly_367,430,{90D6DA48-0B3B-4E8E-8301-8C4FFB8CA52D},,,0,0
Fort Circle Park,"Fort Dupont To Fort Stanton Park, SE",NACE,832,"6, 8",,NPS,518,Fort Circle Park,5634,,0804,5634    0804,,ParkPly_368,431,{C0312DBA-5ED9-4564-A70E-8197C1BFD1B5},,,0,0
Triangle,"Water St., Between Half & T Sts., SW",NACE,878,1,,NPS,296,,0000,,0000,RES 02960000,,ParkPly_369,432,{3712A33D-29B5-4762-87B5-3C2BD8E9A695},,,0,0
Fort Circle Park,"Fort Dupont To Fort Stanton Park, SE",NACE,832,"6, 8",,NPS,518,Fort Circle Park,MULTI-SQUARES & PARCELS,,0000,RES 05180000,,ParkPly_370,433,{3B09F74A-64A8-46DA-AA5C-4D820FABAC84},,,0,0
Fort Circle Park,"Fort Dupont To Fort Stanton Park, SE",NACE,832,"6, 8",,NPS,518,Fort Circle Park,MULTI-SQUARES & PARCELS,,0000,RES 05180000,,ParkPly_372,435,{93051104-9245-4887-82BE-75F4555AE4A8},,,0,0
Frederick Douglass Home,"1411 W St., SE",NACE,833,10,,NPS,716,Frederick Douglass Home,PAR ,,0006,PAR 02250006,0225,ParkPly_376,439,{E81E96C8-AB0D-4924-90D4-BEAB1BC0D776},,,0,0
Fort Circle Park,"Fort Dupont To Fort Stanton Park, SE",NACE,832,"6, 8",,NPS,518,Fort Circle Park,MULTI-SQUARES & PARCELS,,0000,RES 05180000,,ParkPly_377,440,{23BBAD14-A28A-4D90-9EE2-767BCCACB396},,,0,0
Fort Stanton Park,"North Of Erie St., Between Pearson Pl. & 16th Sts., SE",NACE,888,"5, 6, 8",,NPS,412,Fort Stanton Park,"5744,5749,5751,5752,5755,5778,5797,5815,5818,5819",,,RES 04120000,,ParkPly_378,441,{6F1F0AD2-724D-4713-AB94-27C1B7F8180D},,,0,0
Fort Circle Park,"Fort Stanton Park To St. Elizabeth Hospital, SE",NACE,832,"6, 9",,NPS,519,Fort Circle Park,"5744,5819,5833,5834,5876,5880,5884",,,RES 05190000,,ParkPly_444,444,{02E7D6F4-D0E6-492D-B065-693A75BE6DD3},,,0,0
Shepherd Parkway,"South Capitol St. & 2nd St., SE & SW",NACE,848,"5, 6, 9",,NPS,421,Shepherd Parkway,0000,,0000,RES 04210000,,ParkPly_446,446,{2F1E4EFE-78BB-4330-A252-2C491103FB64},,,0,0
Fort Circle Park,"Fort Stanton Park To St. Elizabeth Hospital, SE",NACE,832,"6, 9",,NPS,519,Fort Circle Park,"5744,5819,5833,5834,5876,5880,5884",,,RES 05190000,,ParkPly_447,447,{F08C4C2C-737D-49CB-BABB-0A47A3190BA6},,,0,0
Shepherd Parkway,"South Capitol St. & 2nd St., SE & SW",NACE,848,"5, 6, 9",,NPS,421,Shepherd Parkway,0000,,0000,RES 04210000,,ParkPly_448,448,{913FFBC4-65F0-468A-9A6A-1BC6EBC60BE6},,,0,0
Shepherd Parkway,"South Capitol St. & 2nd St., SE & SW",NACE,848,"5, 6, 9",,NPS,421,Shepherd Parkway,0000,,0000,RES 04210000,,ParkPly_449,449,{C809C8F0-4D5E-4058-850A-4D54D3869B13},,,0,0
Shepherd Parkway,"South Capitol St. & 2nd St., SE & SW",NACE,848,"5, 6, 9",,NPS,421,Shepherd Parkway,0000,,0000,RES 04210000,,ParkPly_451,451,{26C81BD2-D4D8-4922-AD45-89E6E6575E9D},,,0,0
,,,,<Null>,,NPS,,,6120,N,0801,6120N   0801,,ParkPly_452,452,{E23699CB-C229-4878-9FF5-C35E4D40A8C0},,,0,0
Shepherd Parkway,"South Capitol St. & 2nd St., SE & SW",NACE,848,"5, 6, 9",,NPS,421,Shepherd Parkway,0000,,0000,RES 04210000,,ParkPly_453,453,{80E925C6-C844-4D72-8672-769D9A365829},,,0,0
Bald Eagle Hill,"Giesboro Rd. & Southern Ave., SW",NACE,832,6,,NPS,561,Bald Eagle Hill,0000,,0000,RES 05610000,,ParkPly_455,455,{A6CF4BC1-6C26-49D2-8F07-F5FFF0D65CAC},,,0,0
 , , ,0, ,,NPS, ,,0000,,0000,RES 04210000,,ParkPly_456,456,{3B5DA66E-4776-4C47-8B61-498DE286D22C},,,0,0
Fort Circle Park,"Fort Slocum Park To Fort Totten Park, NE",ROCR,832,6,,NPS,497,Fort Circle Park,"3382,3383,3699,3700,3701,3702,3705,3706,3709",,0000,RES 04970000,,ParkPly_6,1281,{5FCA3234-7593-43A3-8F0D-ADE18CC5EA0F},2025/09/25 21:57:10+00,2025/09/25 21:57:10+00,0,0
Fort Circle Park,"Fort Reno Park To Rock Creek Park , NW",ROCR,832,6,,NPS,515,Fort Circle Park,MULTI-SQUARES,,0000,RES 05150000,,ParkPly_8,1282,{0FBC5C30-B532-4096-A36A-4D28C155B929},2025/09/25 21:57:10+00,2025/09/25 21:57:10+00,0,0
Fort Circle Park,"Fort Reno Park To Rock Creek Park , NW",ROCR,832,6,,NPS,515,Fort Circle Park,MULTI-SQUARES,,0000,RES 05150000,,ParkPly_14,1283,{B3B9C237-8045-460D-996A-086DA7C51DA9},2025/09/25 21:57:10+00,2025/09/25 21:57:10+00,0,0
Piney Branch Portal,"Piney Branch Rd. & Eastern Ave., NW",ROCR,892,8,,NPS,531,Piney Branch Portal,3350,,0000,RES 05310000,,ParkPly_33,1284,{97358426-D9D6-4272-85F0-306B73C207F2},2025/09/25 21:57:10+00,2025/09/25 21:57:10+00,0,0
Fort Circle Park,"Fort Stevens Park To Fort Slocum Park, NW",ROCR,832,"6, 8",,NPS,494,Fort Circle Park,MULTI-SQUARES & PARCELS,,0000,RES 04940000,,ParkPly_44,1285,{A87540FF-CD0F-407D-A2C3-74BEA1645292},2025/09/25 21:57:10+00,2025/09/25 21:57:10+00,0,0
Fort Circle Park,"Fort Stevens Park To Fort Slocum Park, NW",ROCR,832,"6, 8",,NPS,494,Fort Circle Park,"2939,2940",,0000,RES 03580000,,ParkPly_45,1286,{BD562B08-82E7-437F-B992-21F5BF76B0BC},2025/09/25 21:57:10+00,2025/09/25 21:57:10+00,0,0
Fort Circle Park,"Rock Creek Park To Fort Stevens Park, NW",ROCR,832,6,,NPS,499,Fort Circle Park,0000,,0000,RES 04990000,,ParkPly_51,1287,{E15BB755-2244-4AA9-AB98-E213C57E025D},2025/09/25 21:57:10+00,2025/09/25 21:57:10+00,0,0
Curb Parking,"Jenifer & 41st St., At Belt Rd., NW",ROCR,878,8,,NPS,326C,,1741,,0815,1741    0815,,ParkPly_63,1288,{99D7DA4E-446B-451B-A9DE-4109CC649328},2025/09/25 21:57:10+00,2025/09/25 21:57:10+00,0,0
Chesapeake & Ohio Canal National Historical Park,From Rock Creek and Potomac Parkway Along Potomac River To DC Line,CHOH,412,4,,NPS,404,,0000,,0000,RES 04040000,,ParkPly_172,1289,{6F104F5D-9EF6-44D3-8105-B1320AEF585A},2025/09/25 21:57:10+00,2025/09/25 21:57:10+00,0,0
Potomac Palisades Parkway,"Key Bridge To DC Line, NW",ROCR,847,"5, 6, 7, 8, 9",,NPS,404,Potomac Palisades Parkway,1412,,0824,1412    0824,,ParkPly_82,1290,{B31A8252-093D-408C-80FC-5549143F73F6},2025/09/25 21:57:10+00,2025/09/25 21:57:10+00,0,0
Fort Circle Park,"Barnard Hill To Ft. Lincoln, NE",ROCR,832,6,,NPS,520,Fort Circle Park,4303,,0000,RES 05200000,,ParkPly_136,1291,{FD65FDE0-4155-4904-919D-194DA8544F8F},2025/09/25 21:57:10+00,2025/09/25 21:57:10+00,0,0
Potomac Palisades Parkway,"Key Bridge To DC Line, NW",CHOH,847,"5, 6, 7, 8, 9",,NPS,404,,0000,,0000,RES 04040000,,ParkPly_164,1292,{B96BB1F7-F924-43E4-976E-0471060EDCA6},2025/09/25 21:57:10+00,2025/09/25 21:57:10+00,0,0
"Clara Barton Parkway, Maryland","DC Line To Great Falls, MD",GWMP,851,"6, 9",,NPS,404M2,Clara Barton Parkway,0000,,0000,RES 04040000,,ParkPly_140,1293,{41D9C492-03CA-41C0-B6A5-CD5DEA740A23},2025/09/25 21:57:10+00,2025/09/25 21:57:10+00,0,0
Bryce Park,"Massachusetts Ave., Between Wisconsin Ave. & Garfield St., NW",ROCR,893,6,,NPS,700,Bryce Park,1928,,0000,RES 07000000,,ParkPly_149,1294,{CF7802C9-AC7C-479D-A97A-CB3463C98A15},2025/09/25 21:57:10+00,2025/09/25 21:57:10+00,0,0
Park,"Pennsylvania Ave., Between 28th & M Sts., NW",ROCR,893,8,,NPS,691,,1194,,0000,RES 06910000,,ParkPly_162,1295,{C3FAF838-52B8-4B23-AF71-14B7F99C6DCA},2025/09/25 21:57:10+00,2025/09/25 21:57:10+00,0,0
Triangle,"Vermont Ave., Between 10th & U Sts., NW",NACC,876,1,,NPS,170,,0000,,0000,RES 01700000,,ParkPly_196,1296,{5A2D830B-25F1-4175-A84F-394326D62FA3},2025/09/25 21:57:10+00,2025/09/25 21:57:10+00,0,0
Triangle,"Vermont Ave., Between 10th & U Sts., NW",NACC,876,1,,NPS,170,,0000,,0000,RES 01700000,,ParkPly_200,1297,{4F0A844E-582E-4A65-B16D-ABA90BEC6036},2025/09/25 21:57:10+00,2025/09/25 21:57:10+00,0,0
"Anacostia Park, Section G",Anacostia River (both Banks) Between DC Line & Benning Rd.,NACE,831,"6, 9",,NPS,343G,Anacostia Park,0000,,0000,RES 343G0000,,ParkPly_219,1298,{B5ACC79D-06D2-4799-98FD-A14533FD0C48},2025/09/25 21:57:10+00,2025/09/25 21:57:10+00,0,0
"Anacostia Park, Section F","Anacostia River, Between Benning & Railroad Bridges",NACE,831,"6, 9",,NPS,343F,Anacostia Park,0000,,0000,RES 343F0000,,ParkPly_266,1299,{12E30226-05CA-4FB8-8F03-BA3DADCDD64F},2025/09/25 21:57:10+00,2025/09/25 21:57:10+00,0,0
Park,"V St., Between 1st & Canal Sts., SW",NACE,892,9,,NPS,467,,0613,,0000,RES 04670000,,ParkPly_373,1300,{D567BF99-2A5C-4C8A-902A-48AD4D2A1CB3},2025/09/25 21:57:10+00,2025/09/25 21:57:10+00,0,0
Triangle,"Pennsylvania Ave., Between 18th & H Sts., NW",NACC,840,1,,NPS,031,,0105,S,0000,RES 00310000,,ParkPly_300,1301,{00DF25EB-CAA5-4532-BD77-90CE297FCE81},2025/09/25 21:57:10+00,2025/09/25 21:57:10+00,0,0
Triangle,"Pennsylvania  Ave., Between 19th & H sts., NW",NACC,840,1,,NPS,030,,0141,N,0000,RES 00300000,,ParkPly_305,1302,{AC99F048-F16C-40A9-AA82-A4589AFEB29A},2025/09/25 21:57:10+00,2025/09/25 21:57:10+00,0,0
Center Parking,"New Hampshire Ave., Between G st. & Virginia Ave., NW",NACC,840,8,,NPS,026K,,0008,E,0800,0008E   0800,,ParkPly_312,1303,{5A646B30-17E9-45DD-8412-1D25E8728BF5},2025/09/25 21:57:10+00,2025/09/25 21:57:10+00,0,0
Triangle,"Massachusetts Ave., Between 1st & G Sts., NW",NACC,875,8,,NPS,077A,,0000,,0000,RES 077B0000,,ParkPly_314,1304,{093E3E7F-756C-44FB-AFF3-22DF308D4111},2025/09/25 21:57:10+00,2025/09/25 21:57:10+00,0,0
Fort Mahan Park,"Benning Rd., Between 42nd & Grant Sts., NE",NACE,885,"5, 6",,NPS,475,Fort Mahan Park,"5078,5079,5080,5081,5082,5087",,0000,RES 04750000,,ParkPly_319,1305,{515D7F5D-060F-44E0-BB66-FBB5B4FA0737},2025/09/25 21:57:10+00,2025/09/25 21:57:10+00,0,0
Triangle,"Maryland Ave., & F st. East Of 12th St.,, NE",NACE,877,1,,NPS,211,,0000,,0000,RES 02110000,,ParkPly_323,1306,{D64D8B32-E9AF-4ED4-97F5-42BB8BAFEC27},2025/09/25 21:57:10+00,2025/09/25 21:57:10+00,0,0
Judiciary Square,"D To G Sts., & 4th To 5th Sts., NW",NACC,0,1,1970/02/11 05:00:00+00,NPS,007,Judiciary Square,0488,E,0800,0488E   0800,,ParkPly_327,1307,{814F20A0-127B-4205-B502-C48139642160},2025/09/25 21:57:10+00,2025/09/25 21:57:10+00,0,0
"West Potomac Park, Lincoln Mem., Viet. Vet. Mem., FDR Mem","Constitution Ave., Between 17th st. & the Potomac River",NACC,801,9,,NPS,332,National Mall & Memorial Parks,0000,,0000,RES 03320000,,ParkPly_343,1308,{7C65FB28-01A9-4F74-9401-16287BEE4EE7},2025/09/25 21:57:10+00,2025/09/25 21:57:10+00,0,0
Stanton Park,"C St., Between 4th & 6th Sts., NE",NACE,820,1,,NPS,015,Stanton Park,0813,S,0000,RES 00150000,,ParkPly_349,1309,{4768DB91-FDC0-4507-BDFE-1F183B53B707},2025/09/25 21:57:10+00,2025/09/25 21:57:10+00,0,0
"The Mall, L'enfant Square","9th To 7th St., NW & Constitution Ave., Nw To Independence Avenue, SW",NACC,802,1,,NPS,03A,,0432,S,0000,RES 00350000,,ParkPly_354,1310,{53D20FCE-1283-43B1-B8F5-3677DA7D50B9},2025/09/25 21:57:10+00,2025/09/25 21:57:10+00,0,0
Oxon Run Parkway,"Mississippi Ave., Between 1st St. & Southern Ave., SE",NACE,856,6,,NPS,501,Oxon Run Parkway,0000,,0000,RES 05010000,,ParkPly_450,1311,{62DDB2AB-CC28-44DF-A2B6-1659A496AC63},2025/09/25 21:57:10+00,2025/09/25 21:57:10+00,0,0
,"Virginia Ave., between Delaware Ave. & E St., NW",NAMA,,,,NPS,120,,0000,,0000,RES 01200000,,ParkPly_411,1312,{A619740A-CF44-4650-845B-40F6D7E5A5F9},2025/09/25 21:57:10+00,2025/09/25 21:57:10+00,0,0
Triangle,"Virgina Ave., Between West Side Of 7th & K sts., SE",NACE,875,1,,NPS,124,,0000,,0000,RES 01240000,,ParkPly_437,1313,{AA8C6040-FCF5-49DF-BF67-091991E24010},2025/09/25 21:57:10+00,2025/09/25 21:57:10+00,0,0
"Anacostia Park, Section D","Anacostia River, Between Sousa & 11th St. Bridges,",NACE,831,"6, 9",,NPS,343D,Anacostia Park,PAR ,,0037,PAR 02170037,0217,ParkPly_440,1314,{260C09F0-C59E-490D-8E73-03C7DDE29108},2025/09/25 21:57:10+00,2025/09/25 21:57:10+00,0,0
Fort Circle Park,"Fort Dupont To Fort Stanton Park, SE",NACE,832,"6, 8",,NPS,518,Fort Circle Park,5740,,0032,5740    0032,,ParkPly_442,1315,{8A61DB60-CD3F-4977-A702-F3D74FEB47A1},2025/09/25 21:57:10+00,2025/09/25 21:57:10+00,0,0
Fort Circle Park,"Fort Stanton Park To St. Elizabeth Hospital, SE",NACE,832,"6, 9",,NPS,519,Fort Circle Park,"5744,5819,5833,5834,5876,5880,5884",,,RES 05190000,,ParkPly_445,1316,{BA1BC1F4-C608-498B-9FD8-2A52EBEC0706},2025/09/25 21:57:10+00,2025/09/25 21:57:10+00,0,0
Oxon Run Park,"Mississippi Ave., Between 1st St. & Southern Ave., SE",NACE,,6,,,,Oxon Run Park,,,,RES 05010000,,ParkPly_454,1317,{7DA8A019-B1FF-4FCA-B5F9-97D0EEE04A27},2025/09/25 21:57:10+00,2025/09/25 21:57:10+00,0,0
Fort Circle Park,"Fort Dupont To Fort Stanton Park, SE",NACE,832,"6, 8",,NPS,518,Fort Circle Park,0000,,0000,RES 404M0000,,ParkPly_457,1318,{04F6C4AA-52A1-4F83-960D-8E9CEA897E2C},2025/09/25 21:57:10+00,2025/09/25 21:57:10+00,0,0
Fort Circle Park,"American University Park To Fort Reno Park, NW",ROCR,832,"6, 8",,NPS,542,Fort Circle Park,"1599,1768,1772,1778,1779",,0000,RES 05420000,,ParkPly_20,1319,{C0B3859E-772E-48F5-82B0-37FE4698338E},2025/09/25 21:57:10+00,2025/09/25 21:57:10+00,0,0
Battery Ricketts,"Fort Pl. Between Pearson & Bruce Pl., SE",NACE,832,6,,NPS,575,Battery Ricketts,5745,,0060,5745    0060,,ParkPly_443,1320,{C8B1121C-84C0-4787-9FB7-2F8C0B9E356E},2025/09/25 21:57:10+00,2025/09/25 21:57:10+00,0,0
"Anacostia Park, Section C","Anacostia River, Between Sousa & 11th St. Bridges,",NACE,831,"6, 9",,NPS,343C,Anacostia Park,0000,,,RES 343C0000,,,1321,{4A57E8EA-1922-41B0-81EF-265C0506010A},2025/09/25 21:57:10+00,2025/09/25 21:57:10+00,0,0
"Anacostia Park, Section E","Anacostia River, Between Sousa & 11th St. Bridges,",NACE,831,"6, 9",,NPS,,Anacostia Park,5600,,0800,5600    0800,,,1322,{E14645CE-A638-4687-957A-F07170FED49F},2025/09/25 21:57:10+00,2025/09/25 21:57:10+00,0,0
Fort Circle Park,"Fort Reno Park To Rock Creek Park , NW",ROCR,832,6,,NPS,515,Fort Circle Park,"2027,2290",,0000,RES 05150000,,ParkPly_66,1323,{4A5A944B-AB34-455F-8DE0-5C20D634D471},2025/09/25 21:57:10+00,2025/09/25 21:57:10+00,0,0
Glover Parkway & Children's Playground,"42nd & U Sts., NW",ROCR,836,"6, 7, 8, 10",,NPS,351A,Glover Parkway & Children's Playground,,,,RES 0351A000,,ParkPly_78,1324,{06313A50-1C6A-426C-8439-FBA46E4C6C7E},2025/09/25 21:57:10+00,2025/09/25 21:57:10+00,0,0
Park,North Side Of Zoo,ROCR,821,"8, 9",,NPS,563,,2587,W,0814,2587W   0814,,ParkPly_75,1325,{797A7C79-BA93-4CC2-B46D-E334F5FD12A4},2025/09/25 21:57:10+00,2025/09/25 21:57:10+00,0,0
Glover Parkway & Children's Playground,"Massachusetts Ave., NW",ROCR,836,"7, 10",,NPS,351H,Glover Parkway & Children's Playground,,,,RES 0351H000,,ParkPly_132,1326,{53CB5852-4099-432D-8409-1B16774CA843},2025/09/25 21:57:10+00,2025/09/25 21:57:10+00,0,0
Glover Parkway & Children's Playground,"Massachusetts & Cathedral Aves., NW",ROCR,836,"6, 7",,NPS,351I,Glover Parkway & Children's Playground,,,,RES 0351I000,,ParkPly_126,1327,{2E4DBDB1-7366-4F3A-85E0-7CF0E94CB551},2025/09/25 21:57:10+00,2025/09/25 21:57:10+00,0,0
Battery Kemble Park,"Chain Bridge Rd., South Of Nebraska Av. & Little Falls Rd.",ROCR,884,6,,NPS,521,Battery Kemble Park,PAR ,,0002,PAR 03030002,0303,ParkPly_139,1328,{8EB2A614-2F00-40DC-80E5-1F399D865177},2025/09/25 21:57:10+00,2025/09/25 21:57:10+00,0,0
Archbold Parkway,"West Side Glover Archbold Parkway, Between U st. & Reservoir",ROCR,836,"6, 7, 8, 10",,NPS,450A,Archbold Parkway,,,,RES 0450A000,,ParkPly_191,1329,{3FDC36C2-79D7-43FD-9EAB-453A8C6449E2},2025/09/25 21:57:10+00,2025/09/25 21:57:10+00,0,0
Archbold Parkway,"East Side Glover Archbold Parkway, Between U st. & Reservoir Rd.",ROCR,836,"7, 8, 10",,NPS,450B,Archbold Parkway,,,,RES 0450B000,,ParkPly_192,1330,{D16D1C2F-4FCF-4266-9A19-0FEB5D1ECC9D},2025/09/25 21:57:10+00,2025/09/25 21:57:10+00,0,0
Triangle,"Florida Ave. & 22nd St., NW",NACC,862,8,,NPS,057D,,0047,,0000,RES 057D0000,,ParkPly_228,1331,{F2ABDFDD-6CF9-4D4E-A478-AA1ABA3855FD},2025/09/25 21:57:10+00,2025/09/25 21:57:10+00,0,0
"Anacostia Park, Section F","Anacostia River, Between Benning & Railroad Bridges",NACE,831,"6, 9",,NPS,343F,Anacostia Park,0000,,0000,RES 343F0000,,ParkPly_260,1332,{7EB4FE0E-14A1-415E-9F07-A0C7344B6A78},2025/09/25 21:57:10+00,2025/09/25 21:57:10+00,0,0
"Anacostia Park, Section F","Anacostia River, Between Benning & Railroad Bridges",NACE,831,"6, 9",,NPS,343F,Anacostia Park,0000,,0000,RES 343F0000,,ParkPly_259,1333,{FAD31D04-DAE2-42D9-9903-714230C97271},2025/09/25 21:57:10+00,2025/09/25 21:57:10+00,0,0
Triangle (Juarez Statue Site),New Hampshire & Virginia Aves. To 25th & G Sts. NW,NACC,875,1,,NPS,134,,"0008,0017","E,S",0000,RES 01340000,,ParkPly_309,1334,{050B6BA8-0283-43A5-AF64-6C7598C021AA},2025/09/25 21:57:10+00,2025/09/25 21:57:10+00,0,0
Benjamin Banneker Park,"10th St. Overlook & Maine Ave., SW",NACC,893,9,,NPS,719,Benjamin Banneker Park,"0355,0389",,0000,RES 07190000,,ParkPly_421,1335,{AB560E35-5A11-425F-B359-5359A93DE162},2025/09/25 21:57:10+00,2025/09/25 21:57:10+00,0,0
,"1901 Washington Ave. (Canal St.) & New Jersey Ave., SE",,,,,NPS,289,,0000,,0000,RES 02890000,,ParkPly_436,1336,{E720E496-BAE9-48FE-90DC-741AF4EDB7D6},2025/09/25 21:57:10+00,2025/09/25 21:57:10+00,0,0
Walt Whitman Park,"E st., Between 19th & 20th Sts., NW",NACC,865,"8, 9",,NPS,715,Walt Whitman Park,0123,,0000,RES 07150000,,ParkPly_338,1337,{CC65CCE2-D0A2-4CBB-B401-C294D66EE052},2025/09/25 21:57:10+00,2025/09/25 21:57:10+00,0,0
"Anacostia Park, Section G",Anacostia River (both Banks) Between DC Line & Benning Rd.,NACE,831,"6, 9",,NPS,343G,Anacostia Park,0000,,0000,RES 343G0000,,ParkPly_179,1338,{9C03B76F-D697-4A4F-917D-686FF64D2CF9},2025/09/25 21:57:10+00,2025/09/25 21:57:10+00,0,0
"Anacostia Park, Section G",Anacostia River (both Banks) Between DC Line & Benning Rd.,NACE,831,"6, 9",,NPS,343G,Anacostia Park,0000,,0000,RES 343G0000,,ParkPly_157,1339,{397768AD-2B35-4ED3-B92D-FD5A8B94A39A},2025/09/25 21:57:10+00,2025/09/25 21:57:10+00,0,0
Glover Parkway & Children's Playground,"North Of Massachusetts Ave., NW",ROCR,836,"6, 7",,NPS,351J,Glover Parkway & Children's Playground,,,,RES 0351J000,,ParkPly_107,1340,{B06BE132-1E7A-42F1-9268-CBCF3E7A8B04},2025/09/25 21:57:10+00,2025/09/25 21:57:10+00,0,0
Glover Parkway & Children's Playground,"North Of Massachusetts Ave., West Of 39th St., NW",ROCR,836,"6, 7, 10",,NPS,351K,Glover Parkway & Children's Playground,,,,RES 0351K000,,ParkPly_103,1341,{A32CBA11-B57A-465F-80DA-9FDA2707C9FE},2025/09/25 21:57:10+00,2025/09/25 21:57:10+00,0,0
Chesapeake & Ohio Canal National Historical Park, ,CHOH,412, ,,NPS,404,Chesapeake & Ohio Canal National Historical Park,0000,,0000,RES 04040000,,ParkPly_119,1342,{FFF9785A-252E-430B-9C30-947335EB1F12},2025/09/25 21:57:10+00,2025/09/25 21:57:10+00,0,0
Fort Circle Park,"Palisades Park to American University, NW",ROCR,832,6,,NPS,530,Fort Circle Park,PAR ,,0002,PAR 03030002,0303,ParkPly_133,1343,{58646375-658B-4A8B-A9EE-F26DB8159FDB},2025/09/25 21:57:10+00,2025/09/25 21:57:10+00,0,0
Glover Parkway & Children's Playground,"New Mexico Ave. & Cathedral Ave., NW",ROCR,836,"6, 7, 8, 10",,NPS,351E,Glover Parkway & Children's Playground,PAR ,,0007,PAR 03040007,0304,ParkPly_145,1344,{89A7A219-F5B6-4507-8D5F-C772A0138380},2025/09/25 21:57:10+00,2025/09/25 21:57:10+00,0,0
Glover Parkway & Children's Playground,"New Mexico Ave., & 42nd St., NW",ROCR,836,"7, 8, 10",,NPS,351F,Glover Parkway & Children's Playground,PAR ,,0008,PAR 03040008,0304,ParkPly_146,1345,{3617D4F8-C76B-4F9E-A56D-18B84B771303},2025/09/25 21:57:10+00,2025/09/25 21:57:10+00,0,0
Montrose Park,"R St. & Lovers Ln., NW",ROCR,891,8,,NPS,324,Montrose Park,2156,,0000,RES 03240000,,ParkPly_201,1346,{712AC4AD-F166-41CF-A108-7989525D60F9},2025/09/25 21:57:10+00,2025/09/25 21:57:10+00,0,0
Archbold Parkway,Macarthur Boulevard & 44th St. NW,ROCR,836,"5, 6, 7, 8, 9",,NPS,450,Archbold Parkway,,,,RES 04500000,,ParkPly_215,1347,{42B58B67-AA08-43CA-A078-ADC0B1A32BB7},2025/09/25 21:57:10+00,2025/09/25 21:57:10+00,0,0
Thompson's Boat House,End Of Rock Creek and Potomac Parkway To Potomac River,CHOH,844, ,,NPS,360,Thompson's Boat House,0000,,0000,RES 04040000,,ParkPly_292,1348,{EFA2D42E-4072-4BE5-8CF7-CB02C13B9407},2025/09/25 21:57:10+00,2025/09/25 21:57:10+00,0,0
Park (Part of Sq. E 87),"Virginia & New York Aves. To 20th & 21st Sts., NW",NACE,892,9,,NPS,378,,0087,E,0000,RES 01050000,,ParkPly_348,1349,{72487117-AC74-421C-A1AE-2FEFE83B3767},2025/09/25 21:57:10+00,2025/09/25 21:57:10+00,0,0
Edward J. Kelly Park,"Virginia Ave., between 21st & New York Ave., NW",NACC,875,1,,NPS,105,Edward J. Kelly Park,0087,E,0000,RES 01050000,,ParkPly_340,1350,{6E6056FF-57B2-4F4A-BC87-C7A5841BB085},2025/09/25 21:57:10+00,2025/09/25 21:57:10+00,0,0
Chesapeake & Ohio Canal National Historical Park,From Rock Creek and Potomac Parkway Along Potomac River To DC Line,CHOH,412,4,,NPS,404,Chesapeake & Ohio Canal National Historical Park,0000,,0000,RES 04040000,,ParkPly_163,1351,{02222E17-AFBB-4A65-94C3-01D516492471},2025/09/25 21:57:10+00,2025/09/25 21:57:10+00,0,0
Triangle,"New York Ave., Between Virginia Ave & 20th St., NW",NACC,875,1,,NPS,106,,0104,S,0012,0104S   0012,,ParkPly_339,1352,{8BD5690E-4372-419E-8EF6-F37F854F4983},2025/09/25 21:57:10+00,2025/09/25 21:57:10+00,0,0
Chesapeake & Ohio Canal National Historical Park,From Rock Creek and Potomac Parkway Along Potomac River To DC Line,CHOH,412,4,,NPS,404,Chesapeake & Ohio Canal National Historical Park,0000,,0000,RES 04040000,,ParkPly_176,1353,{024EBA49-C038-4037-BCB4-C08A377C27EF},2025/09/25 21:57:10+00,2025/09/25 21:57:10+00,0,0
Square E. 667,"Half & North Side Of V sts., SW",NACE,878,1,,NPS,295,,0667,E,0000,RES 02950000,,ParkPly_371,1354,{D59C3AA5-D303-4EE9-9B1C-42EDB784AAA3},2025/09/25 21:57:10+00,2025/09/25 21:57:10+00,0,0
Triangle,"Water & V Sts., At Bulkhead, SE",NACE,892,10,,NPS,562,,0667,E,0000,RES 02950000,,ParkPly_374,1355,{8FE2D780-C5A3-4514-8F33-6D1A8ECDDB79},2025/09/25 21:57:10+00,2025/09/25 21:57:10+00,0,0
Buzzard Point,"Anacostia River, Between 1st & Water Sts., SW",NACE,893,6,,NPS,629,Buzzard Point,0667,S,0804,0667S   0804,,ParkPly_375,1356,{F357AF0A-D039-4A4E-9370-074A16A5E340},2025/09/25 21:57:10+00,2025/09/25 21:57:10+00,0,0
"6, 8","Massachusetts Ave., Between Garfield & Normanstone Dr., NW",ROCR,857,"6, 8",,NPS,514,,,,,RES 05140000,,ParkPly_76,1357,{DAF4AD19-4A9B-406D-8D7D-6E448FBDD971},2025/09/25 21:57:10+00,2025/09/25 21:57:10+00,0,0
Baltimore Washington Parkway,DC Line To Md Rt. 176,NACE,842,9,,NPS,688,Baltimore Washington Parkway,0000,,0000,RES 343G0000,,ParkPly_86,1358,{E8840B69-3917-4160-8524-FB28BDE4F2BC},2025/09/25 21:57:10+00,2025/09/25 21:57:10+00,0,0
"Anacostia Park, Section G",Anacostia River (both Banks) Between DC Line & Benning Rd.,NACE,831,"6, 9",,NPS,343G,Anacostia Park,0000,,0000,RES 343G0000,,ParkPly_187,1359,{E59F4407-6305-4592-A1F5-B222E1B98561},2025/09/25 21:57:10+00,2025/09/25 21:57:10+00,0,0
Baltimore Washington Parkway,DC Line To Md Rt. 176,NACE,842,9,,NPS,688,Baltimore Washington Parkway,0000,,0000,RES 06880000,,ParkPly_189,1360,{4F8D55FF-F911-4A33-804E-F4ECE1FCBA4F},2025/09/25 21:57:10+00,2025/09/25 21:57:10+00,0,0
"Anacostia Park, Section G",Anacostia River (both Banks) Between DC Line & Benning Rd.,NACE,831,"6, 9",,NPS,343G,Anacostia Park,0000,,0000,RES 343G0000,,ParkPly_208,1361,{EAB530D5-11D6-49B2-A695-FDF8E7C464B2},2025/09/25 21:57:10+00,2025/09/25 21:57:10+00,0,0
"Anacostia Park, Section G",Anacostia River (both Banks) Between DC Line & Benning Rd.,NACE,831,"6, 9",,NPS,343G,Anacostia Park,0000,,0000,RES 343G0000,,ParkPly_216,1362,{28CAE666-C8AD-4512-82C7-3E02281C25AA},2025/09/25 21:57:10+00,2025/09/25 21:57:10+00,0,0
"Anacostia Park, Section G",Anacostia River (both Banks) Between DC Line & Benning Rd.,NACE,831,"6, 9",,NPS,343G,Anacostia Park,0000,,0000,RES 343G0000,,ParkPly_217,1363,{1862A9D0-3939-4B49-9ECE-0FE4EAA1393F},2025/09/25 21:57:10+00,2025/09/25 21:57:10+00,0,0
"Anacostia Park, Section G",Anacostia River (both Banks) Between DC Line & Benning Rd.,NACE,831,"6, 9",,NPS,343G,Anacostia Park,0000,,0000,RES 343G0000,,ParkPly_235,1364,{480A4082-B169-48BF-B814-83B8C09504C4},2025/09/25 21:57:10+00,2025/09/25 21:57:10+00,0,0
"Anacostia Park, Section G",Anacostia River (both Banks) Between DC Line & Benning Rd.,NACE,831,"6, 9",,NPS,343G,Anacostia Park,0000,,0000,RES 343G0000,,ParkPly_254,1365,{D478EB29-799F-4949-BDBA-DB2641B46458},2025/09/25 21:57:10+00,2025/09/25 21:57:10+00,0,0
Lady Bird Johnson Park (Columbia Island),Between Potomac River & Boundary Channel,GWMP,835,9,,NPS,344,Lady Bird Johnson Park,PAR ,,0001,PAR 03170001,,ParkPly_279,1366,{6D288A5E-EC17-4189-9738-1C61BB6403A6},2025/09/25 21:57:10+00,2025/09/25 21:57:10+00,0,0
Rock Creek Park & Piney Branch Parkway,"Klingle Rd. To DC Line, West Of 16th St., NW",ROCR,821,"5,6,7,8",,NPS,339,Rock Creek Park & Piney Branch Parkway,"2084,2103,2214,2215,2216",,0000,RES 03560000,,ParkPly_3,1367,{8494B88B-AE6C-4E7B-9ACD-11B1C6C1B29B},2025/09/25 21:57:10+00,2025/09/25 21:57:10+00,0,0
Pinehurst Parkway,"Pinehurst Circle To Rock Creek Park, NW",ROCR,859,6,,NPS,545,Pinehurst Parkway,"2359,2362",,0000,RES 05450000,,ParkPly_34,1368,{188E1BAD-5B7A-48AD-8BD5-F19846A003DA},2025/09/25 21:57:10+00,2025/09/25 21:57:10+00,0,0
,,,,<Null>,,NPS,,,PAR ,,0025,PAR 01630025,0163,ParkPly_194,1369,{EDFFCC2E-2851-4F03-85F7-6B0CB76F48A8},2025/09/25 21:57:10+00,2025/09/25 21:57:10+00,0,0
United States National Arboretum,3501 NEW YORK AVENUE NE,,,,,NPS,,United States National Arboretum,0000,,0016,PAR 01620016,0162,ParkPly_193,1370,{B668A34D-F20F-4D61-9A65-4A86EADA9048},2025/09/25 21:57:10+00,2025/09/25 21:57:10+00,0,0
Soapstone Valley,"Connecticut Ave., Between Linnean Ave. & Yuma St., NW",ROCR,846,"5, 6",,NPS,402,Soapstone Valley,"2046,2246,2248",,0000,RES 04020000,,ParkPly_27,1371,{407464DE-48F5-4EE6-AD79-BDE01388C04D},2025/09/25 21:57:10+00,2025/09/25 21:57:10+00,0,0
Triangle,"Pennsylvania Ave., Between 28th & M Sts., NW",ROCR,840,1,,NPS,022,,1195,,0000,RES 00220000,,ParkPly_161,1372,{70ED6FEB-9F61-4CB4-864F-5469CE7E744A},2025/09/25 21:57:10+00,2025/09/25 21:57:10+00,0,0
Fort Circle Park,"American University Park To Fort Reno Park, NW",ROCR,832,"6, 8",,NPS,542,Fort Circle Park,"1599,1768,1772,1778,1779",,0000,RES 05420000,,ParkPly_26,1373,{475B8D86-E5ED-4780-8506-17F271521C93},2025/09/25 21:57:10+00,2025/09/25 21:57:10+00,0,0
Fort Circle Park,"Fort Stevens Park To Fort Slocum Park, NW",ROCR,832,"6, 8",,NPS,494,Fort Circle Park,MULTI-SQUARES & PARCELS,,0000,RES 04940000,,ParkPly_65,1374,{C8739A05-C3DE-4D3A-A955-415D7A525E2C},2025/09/25 21:57:10+00,2025/09/25 21:57:10+00,0,0
Theodore Roosevelt Island (Analostan Island),"Potomac River, NW",GWMP,854,10,,NPS,560,Theodore Roosevelt Island,PAR ,,0001,PAR 03180001,0318,ParkPly_304,1375,{CED5672E-EADA-45CD-A4A4-A2592B953726},2025/09/25 21:57:10+00,2025/09/25 21:57:10+00,0,0
Area South Of Union station,"Union Station Plaza, NE",NACC,873,7,,NPS,334,Columbus Circle,0000,,0000,RES 03340000,,ParkPly_329,1376,{F8FB22FF-A301-4E90-B6C0-B12DE779CF7C},2025/09/25 21:57:10+00,2025/09/25 21:57:10+00,0,0
Fort Circle Park,"Fort Slocum Park To Fort Totten Park, NE",ROCR,832,6,,NPS,497,Fort Circle Park,"3382,3383,3699,3700,3701,3702,3705,3706,3709",,0000,RES 04970000,,ParkPly_57,1377,{D1FA3B23-28FD-4D88-A2DB-20C4490C9AC6},2025/09/25 21:57:10+00,2025/09/25 21:57:10+00,0,0
Twining Square,"Pennsylvania Ave., Between Minnesota Ave. & 25th St., SE",NACE,892,8,,NPS,487,Twining Square,5560,,0000,RES 487C0000,,ParkPly_441,1378,{846589CF-52F6-4570-B54B-C50CD5627267},2025/09/25 21:57:10+00,2025/09/25 21:57:10+00,0,0
Park,North Side Of Zoo,ROCR,821,"8, 9",,NPS,563,,PAR ,,0006,PAR 00670006,0067,ParkPly_131,1379,{21E73C9C-464B-456E-B2BF-0D02919BB48C},2025/09/25 21:57:10+00,2025/09/25 21:57:10+00,0,0
Potomac Palisades Parkway,"Key Bridge To DC Line, NW",ROCR,847,"5, 6, 7, 8, 9",,NPS,404,Potomac Palisades Parkway,0000,,0000,RES 04040000,,ParkPly_97,1380,{B117BFEA-FDD7-475D-BB02-E4EC467AD0C3},2025/09/25 21:57:10+00,2025/09/25 21:57:10+00,0,0
"Anacostia Park, Section G",Anacostia River (both Banks) Between DC Line & Benning Rd.,NACE,831,"6, 9",,NPS,343G,Anacostia Park,0000,,0000,RES 343G0000,,ParkPly_199,1381,{15577DFF-E849-446F-AE92-422FAC6AA66B},2025/09/25 21:57:10+00,2025/09/25 21:57:10+00,0,0
Rock Creek & Potomac Parkway,"Along Rock Creek, Between Zoo & Theodore Roosevelt Bridge",ROCR,844,"2, 6, 8",,NPS,360,Rock Creek & Potomac Parkway,0000,,0000,RES 03600000,,ParkPly_84,1382,{2B357FDA-09B5-455B-9CBC-76F239B6186F},2025/09/25 21:57:10+00,2025/09/25 21:57:10+00,0,0
Whitehaven Parkway,"W st., West Of Wisconsin Ave., NW",ROCR,839,"5, 6, 8",,NPS,357,Whitehaven Parkway,MULTI-SQUARES,,0000,RES 03570000,,ParkPly_91,1383,{D155B902-11C3-4027-A7DC-4C9DFBA2D330},2025/09/25 21:57:10+00,2025/09/25 21:57:10+00,0,0
Glover Parkway & Children's Playground,"44th & U Sts., NW",ROCR,836,"6, 7, 8, 10",,NPS,351,Glover Parkway & Children's Playground,,,,RES 03510000,,ParkPly_74,1384,{7FB76ABA-7EBE-4F14-934F-AD3A0B3D50EF},2025/09/25 21:57:10+00,2025/09/25 21:57:10+00,0,0
Potomac Palisades Parkway,"Key Bridge To DC Line, NW",ROCR,847,"5, 6, 7, 8, 9",,NPS,404,,1361,,0805,1361    0805,,ParkPly_227,1385,{D6D2B396-5D36-407C-BF32-11214B199D21},2025/09/25 21:57:10+00,2025/09/25 21:57:10+00,0,0
Triangle ( FDR Memorial Stone),"9th St., Below Pennsylvania Ave., NW",NACC,840,1,,NPS,035,FDR Memorial Stone,0432,S,0000,RES 00360000,,ParkPly_351,1386,{D6EBB8C6-6F01-42DB-9758-A5B09A8F8FB1},2025/09/25 21:57:10+00,2025/09/25 21:57:10+00,0,0
Triangle,"7th & 9th Sts. To Above Pennsylvania Ave., NW",NACC,840,1,,NPS,036,,0432,S,0000,RES 00360000,,ParkPly_350,1387,{8C210CE3-10DD-466A-86B4-2B3928B4E684},2025/09/25 21:57:10+00,2025/09/25 21:57:10+00,0,0
"Anacostia Park, Section F","Anacostia River, Between Benning & Railroad Bridges",NACE,831,"6, 9",,NPS,343F,Anacostia Park,1121,,0802,1121    0802,,ParkPly_381,1388,{C27C87B1-42CC-45BB-8CB1-83357D84ECAF},2025/09/25 21:57:10+00,2025/09/25 21:57:10+00,0,0
"Anacostia Park, Section F","Anacostia River, Between Benning & Railroad Bridges",NACE,831,"6, 9",,NPS,343F,Anacostia Park,0000,,0000,RES 343F0000,,ParkPly_324,1389,{ACFD5559-DD43-4C64-9630-AA88B65E7A59},2025/09/25 21:57:10+00,2025/09/25 21:57:10+00,0,0
"Anacostia Park, Section F","Anacostia River, Between Benning & Railroad Bridges",NACE,831,"6, 9",,NPS,343F,Anacostia Park,0000,,0000,RES 343F0000,,ParkPly_280,1390,{947F91A8-A283-4219-A078-F3857E1E4EDE},2025/09/25 21:57:10+00,2025/09/25 21:57:10+00,0,0
Fort Circle Park,"American University Park To Fort Reno Park, NW",ROCR,832,"6, 8",,NPS,542,Fort Circle Park,"1599,1768,1772,1778,1779",,0000,RES 05420000,,ParkPly_28,1391,{30AC867C-B46A-41CD-ABAC-205D2406CF0F},2025/09/25 21:57:10+00,2025/09/25 21:57:10+00,0,0
