"Owner","_lat","_lon","addr:city","addr:country","addr:housenumber","addr:postcode","addr:state","addr:street","aeroway","amenity","building","camera:direction","camera:mount","camera:type","changeset","check_date","dataset","dcgis:captureyear","dcgis:dataset","dcgis:featurecode","dcgis:gis_id","direction","ele","email","enforcement","faa","fax","gnis:feature_id","height","highway","id","lit","man_made","manufacturer","manufacturer:wikidata","mappingdc:gid","maxspeed","name","name:zh","name:zh-Hans","opening_hours","operator","operator:short","operator:type","operator:wikidata","phone","police","ref","source","surface","surveillance","surveillance:type","surveillance:zone","timestamp","traffic_signals","uid","user","version","website","wikidata"
,"38.87342737499003","-77.08958387374878",,,,,,,,,,"70","traffic_signals","fixed",115766065,,,,,,,,,,,,,,,,"node/9392688846",,"surveillance",,,,,,,,,,,,,,,,,,"traffic","camera","traffic","2022-01-04T18:12:45Z",,9509339,"KB-01",1,,,
,"38.87018642754998","-77.10035562515259",,,,,,,,,,"90","street_lamp","fixed",172371678,,,,,,,,,,,,,,,,"node/13166892233",,"surveillance","Flock Safety","Q108485435",,,,,,,,,,,,,,,,,"ALPR",,"2025-09-24T03:18:01Z",,23309901,"chaubursin",1,,,
,"38.8709883252109","-77.10089206695557",,,,,,,,,,,"pole","fixed",181476368,,,,,,,"285",,,,,,,,,"node/13155791970",,"surveillance","Flock Safety","Q108485435",,,,,,,,,,,,,,,,,"ALPR",,"2026-04-17T20:58:49Z",,23837425,"trywrite",2,,,
,"38.88091106008156","-77.0903992652893",,,,,,,,,,,"light post (with solar panel)","fixed",177704803,,,,,,,"319",,,,,,,,,"node/13485289801",,"surveillance","Leonardo","Q910379",,,,,,,,,,,,,,,,"public","ALPR","traffic","2026-01-26T03:34:55Z",,23435942,"Mpugs",1,,,
,"38.88074402213866","-77.08745956420898",,,,,,,,,,,,"fixed",177044745,,,,,,,"112",,,,,,,,,"node/13443991301",,"surveillance","Flock Safety","Q108485435",,,,,,,,,,,,,,,,"public","ALPR","traffic","2026-01-09T23:29:26Z",,1973252,"Ravenfc",1,,,
,"38.87985871448575","-77.09001302719116",,,,,,,,,,,"pole","fixed",179809150,,,,,,,"120",,,,,,,,,"node/13645173601",,"surveillance","Leonardo","Q910379",,,,,,,,,,,,,,,,"public","ALPR","traffic","2026-03-13T12:38:17Z",,23750221,"Nibbler3000",1,,,
,"38.845523658679355","-77.08709478378296",,,,,,,,,,"160","building","fixed",129616843,,,,,,,,,,,,,,,,"node/10231599050",,"surveillance",,,,,,,,,,,,,,,,,,"outdoor","camera","street","2022-12-01T19:05:18Z",,8581596,"Bcarr91",1,,,
,"38.84933391323548","-77.09278106689453",,,,,,,,,,,,"fixed",178114382,,,,,,,"315",,,,,,,,,"node/13525145585",,"surveillance","Flock Safety","Q108485435",,,,,,,,,,,,,,,,,"ALPR",,"2026-02-04T22:16:26Z",,23789789,"is=",1,,,
,"38.84996893582081","-77.0855712890625",,,,,,,,,,,,"fixed",175199210,,,,,,,"245",,,,,,,,,"node/13335153601",,"surveillance","Flock Safety","Q108485435",,,,,,,,,,,,,,,,"public","ALPR","traffic","2025-11-27T13:47:00Z",,23551699,"jazzytwigs",3,,,
,"38.8542134148847","-77.08840370178223",,,,,,,,,,,"pole","fixed",176754670,,,,,,,"161",,,,,,,,,"node/13427079801",,"surveillance","Flock Safety","Q108485435",,,,,,,,,,,,,,,,"public","ALPR","traffic","2026-01-02T17:52:25Z",,2193602,"joeys",1,,,
,"38.83213601502274","-77.09537744522095",,,,,,,,,,,,"fixed",171845479,,,,,,,"315",,,,,,,,,"node/13139379656",,"surveillance","Flock Safety","Q108485435",,,,,,,,,,,,,,,,"camera","ALPR","traffic","2025-09-12T18:23:10Z",,23269660,"Abo Lition",1,,,
,"38.83295505680647","-77.09552764892578",,,,,,,,,,,,"fixed",171845667,,,,,,,"130",,,,,,,,,"node/13139673329",,"surveillance","Flock Safety","Q108485435",,,,,,,,,,,,,,,,"traffic","ALPR","traffic","2025-09-12T18:29:44Z",,23269660,"Abo Lition",1,,,
,"38.83639827222751","-77.10102081298828",,,,,,,,,,,"pole","fixed",164053854,,,,,,,"330",,,,,,,,,"node/12697578212",,"surveillance","Flock Safety","Q108485435",,,,,,,,,,,,,,,,"public","ALPR","traffic","2025-03-24T22:18:19Z",,3568417,"PhotogInKilt",1,,,
,"38.836314701010195","-77.10348844528198",,,,,,,,,,,"pole","fixed",164053854,,,,,,,"180",,,,,,,,,"node/12697578215",,"surveillance","Flock Safety","Q108485435",,,,,,,,,,,,,,,,"public","ALPR","traffic","2025-03-24T22:18:19Z",,3568417,"PhotogInKilt",1,,,
,"38.83751811707185","-77.10614919662476",,,,,,,,,,,"pole","fixed",164053854,,,,,,,"200",,,,,,,,,"node/12697578214",,"surveillance","Flock Safety","Q108485435",,,,,,,,,,,,,,,,"public","ALPR","traffic","2025-03-24T22:18:19Z",,3568417,"PhotogInKilt",1,,,
,"38.84196389439049","-77.10627794265747",,,,,,,,,,,"pole","fixed",173601433,,,,,,,,,,,,,,,,"node/13248692860",,"surveillance","Flock Safety","Q108485435",,,,,,,,,,,,,,,,"public","ALPR","traffic","2025-10-21T20:57:29Z",,17230350,"andrewth1",1,,,
,"38.84196389439049","-77.10627794265747",,,,,,,,,,,"pole","fixed",179606958,,,,,,,"98",,,,,,,,,"node/13631161101",,"surveillance","Flock Safety","Q108485435",,,,,,,,,,,,,,,,"public","ALPR","traffic","2026-03-09T22:23:09Z",,23837425,"trywrite",1,,,
,"38.84206417187863","-77.10529088973999",,,,,,,,,,,,"fixed",172292752,,,,,,,"90",,,,,,,,,"node/13162065811",,"surveillance","Flock Safety","Q108485435",,,,,,,,,,,,,,,,"camera","ALPR","traffic","2025-09-22T12:34:59Z",,23269660,"Abo Lition",1,,,
,"38.83701669618583","-77.08471298217773",,,,,,,,,,,"pole","fixed",166672961,,,,,,,"180",,,,,,,,,"node/12858977477",,"surveillance","Flock Safety","Q108485435",,,,,,,,,,,,,,,,"public","ALPR","traffic","2025-05-23T20:30:32Z",,22867456,"Will2285",1,,,
,"38.840376148661505","-77.08398342132568",,,,,,,,,,,"pole","fixed",166672961,,,,,,,"120",,,,,,,,,"node/12858977478",,"surveillance","Flock Safety","Q108485435",,,,,,,,,,,,,,,,"public","ALPR","traffic","2025-05-23T20:30:32Z",,22867456,"Will2285",1,,,
,"38.84281624853543","-77.08576440811157",,,,,,,,,,,,"fixed",174128388,,,,,,,"15",,,,,,,,,"node/13276824525",,"surveillance","Flock Safety","Q108485435",,,,,,,,,,,,,,,,,"ALPR",,"2025-11-03T02:10:04Z",,23463459,"deFlock42",1,,,
,"38.843066938987846","-77.0855712890625",,,,,,,,,,,"pole","fixed",179588612,,,,,,,"333",,,,,,,,,"node/13630073901",,"surveillance","Flock Safety","Q108485435",,,,,,,,,,,,,,,,"public","ALPR","traffic","2026-03-09T14:31:51Z",,23837425,"trywrite",1,,,
,"38.84234829066105","-77.07460641860962",,,,,,,,,,,,"fixed",171843661,,,,,,,"90",,,,,,,,,"node/13138814382",,"surveillance","Flock Safety","Q108485435",,,,,,,,,,,,,,,,"camera","ALPR","traffic","2025-09-12T17:35:08Z",,23269660,"Abo Lition",1,,,
,"38.84234829066105","-77.07490682601929",,,,,,,,,,,,"fixed",171637688,,,,,,,"180",,,,,,,,,"node/13128076272",,"surveillance","Flock Safety","Q108485435",,,,,,,,,,,,,,,,,"ALPR","traffic","2025-09-08T14:08:34Z",,23269660,"Abo Lition",1,,,
,"38.829327800215054","-77.09065675735474",,,,,,,,,,,,"fixed",178023674,,,,,,,"295-340",,,,,,,,,"node/13520330001",,"surveillance","Flock Safety","Q108485435",,,,,,,,,,,,,,,,"public","ALPR","traffic","2026-02-02T20:39:36Z",,23589250,"canttouchme",1,,,
,"38.82773977256815","-77.08855390548706",,,,,,,,,,,,"fixed",178518303,,,,,,,"305",,,,,,,,,"node/13556553201",,"surveillance","Flock Safety","Q108485435",,,,,,,,,,,,,,,,"public","ALPR","traffic","2026-02-13T19:09:31Z",,21814443,"qnsc",1,,,
,"38.826435891806796","-77.08696603775024",,,,,,,,,,,,"fixed",178023618,,,,,,,"89-134",,,,,,,,,"node/13520324901",,"surveillance","Flock Safety","Q108485435",,,,,,,,,,,,,,,,"public","ALPR","traffic","2026-02-02T20:37:53Z",,23589250,"canttouchme",1,,,
,"38.823192802764424","-77.08258867263794",,,,,,,,,,,,"dome",176552245,,,,,,,,,,,,,,,,"node/13414597426",,"surveillance",,,,,,,,,,,,,,,,,,"outdoor","camera",,"2025-12-28T23:32:47Z",,23361715,"AM2025",1,,,
,"38.8839844881461","-76.99489116668701",,,,,,,,,,,,"fixed",180220976,,,,,,,"110",,,,,,,,,"node/13667475401",,"surveillance","Flock Safety","Q108485435",,,,,,,"Metro Police Department",,,,,,,,,"public","ALPR","traffic","2026-03-21T18:34:45Z",,23307562,"Wedge A",1,,,
,"38.88440206322224","-76.99506282806396",,,,,,,,,,"284",,"fixed",173558155,,,,,,,,,,,,,,,,"node/13179006642",,"surveillance","Flock Safety",,,,,,,,,,,"Q108485435",,,,,,,"ALPR","traffic","2025-10-20T22:33:26Z",,19955230,"floweringnight",2,,,
,"38.879190550462965","-76.99508428573608",,,,,,,,,,,,"fixed",180265589,,,,,,,"182",,,,,,,,,"node/13669753701",,"surveillance","Flock Safety","Q108485435",,,,,,,"Metro Police Department",,,,,,,,,"public","ALPR","traffic","2026-03-22T18:06:30Z",,23307562,"Wedge A",1,,,
,"38.87934088791587","-76.99416160583496",,,,,,,,,,,,"fixed",180265808,,,,,,,"273",,,,,,,,,"node/13669761201",,"surveillance","Flock Safety","Q108485435",,,,,,,"Metro Police Department",,,,,,,,,"public","ALPR","traffic","2026-03-22T18:10:38Z",,23307562,"Wedge A",1,,,
"US Park Police","38.86938452084263","-76.99070692062378",,,,,,,,,,,,"fixed",178941416,,,,,,,"343-53",,,,,,,,,"node/13592686901",,"surveillance","Flock Safety","Q108485435",,,,,,,,,,,,,,,,"public","ALPR","traffic","2026-02-23T12:31:20Z",,23860194,"Mavis_B",3,,,
,"38.8848697443938","-76.9261622428894",,,,,,,,,,,,"fixed",177080247,,,,,,,"20",,,,,,,,,"node/13447203801",,"surveillance","Flock Safety","Q108485435",,,,,,,,,,,,,,,,"public","ALPR","traffic","2026-01-10T23:24:06Z",,23307562,"Wedge A",1,,,
,"38.884702715757356","-76.92644119262695",,,,,,,,,,,,"fixed",177080214,,,,,,,"286",,,,,,,,,"node/13447201502",,"surveillance","Flock Safety","Q108485435",,,,,,,,,,,,,,,,"public","ALPR","traffic","2026-01-10T23:21:55Z",,23307562,"Wedge A",1,,,
,"38.88461920129191","-76.92596912384033",,,,,,,,,,,,"fixed",177080265,,,,,,,"92",,,,,,,,,"node/13447204301",,"surveillance","Flock Safety","Q108485435",,,,,,,"Metro Police Department",,,,,,,,,"public","ALPR","traffic","2026-01-10T23:25:12Z",,23307562,"Wedge A",1,,,
,"38.88338317572479","-76.95105314254761",,,,,,,,,,,,"fixed",177079479,,,,,,,"120",,,,,,,,,"node/13447159701",,"surveillance","Flock Safety","Q108485435",,,,,,,"Metro Police Department",,,,,,,,,"public","ALPR","traffic","2026-01-10T22:43:56Z",,23307562,"Wedge A",1,,,
,"38.88343328528762","-76.95154666900635",,,,,,,,,,,,"fixed",177079450,,,,,,,"276",,,,,,,,,"node/13447159301",,"surveillance","Flock Safety","Q108485435",,,,,,,"Metro Police Department",,,,,,,,,"public","ALPR","traffic","2026-01-10T22:42:58Z",,23307562,"Wedge A",1,,,
,"38.879725082183796","-76.94854259490967",,,,,,,,,,,,"fixed",180082527,,,,,,,"185",,,,,,,,,"node/13660083001",,"surveillance","Flock Safety","Q108485435",,,,,,,,,,,,,,,,"public","ALPR","traffic","2026-03-18T23:02:47Z",,23924244,"FiloDo4",1,,,
,"38.87959144963054","-76.95899248123169",,,,,,,,,,,,"fixed",180082824,,,,,,,"77",,,,,,,,,"node/13660107201",,"surveillance","Flock Safety","Q108485435",,,,,,,,,,,,,,,,"public","ALPR","traffic","2026-03-18T23:21:52Z",,23924244,"FiloDo4",1,,,
,"38.87534848540986","-76.97658777236938",,,,,,,,,,,"pole","fixed",179662063,,,,,,,"306",,,,,,,,,"node/13635201301",,"surveillance","Flock Safety","Q108485435",,,,,,,,,,,,,,,,"public","ALPR","traffic","2026-03-10T22:52:05Z",,23924244,"FiloDo4",1,,,
,"38.854380515177496","-76.98555707931519",,,,,,,,,,,,"fixed",174701180,,,,,,,"128",,,,,,,,,"node/13306999001",,"surveillance","Flock Safety","Q108485435",,,,,,,"Metro Police Department",,,,,,,,,"public","ALPR","traffic","2025-11-15T19:29:53Z",,23307562,"Wedge A",1,,,
,"38.85100501313215","-76.97384119033813",,,,,,,,,,,,"fixed",177077866,,,,,,,"62",,,,,,,,,"node/13447082501",,"surveillance","Flock Safety","Q108485435",,,,,,,"Metro Police Department",,,,,,,,,"public","ALPR","traffic","2026-01-10T21:46:14Z",,23307562,"Wedge A",1,,,
,"38.85190739075284","-76.9712233543396",,,,,,,,,,,,"fixed",177078173,,,,,,,"217",,,,,,,,,"node/13447103601",,"surveillance","Flock Safety","Q108485435",,,,,,,"Metro Police Department",,,,,,,,,"public","ALPR","traffic","2026-01-10T21:57:29Z",,23307562,"Wedge A",1,,,
,"38.8559345290972","-76.97019338607788",,,,,,,,,,,,"fixed",177078769,,,,,,,"322",,,,,,,,,"node/13447133601",,"surveillance","Flock Safety","Q108485435",,,,,,,"Metro Police Department",,,,,,,,,"public","ALPR","traffic","2026-01-10T22:19:10Z",,23307562,"Wedge A",1,,,
,"38.8564692357123","-76.96989297866821",,,,,,,,,,,,"fixed",177078718,,,,,,,"0",,,,,,,,,"node/13447131701",,"surveillance","Flock Safety","Q108485435",,,,,,,"Metro Police Department",,,,,,,,,"public","ALPR","traffic","2026-01-10T22:17:40Z",,23307562,"Wedge A",1,,,
,"38.85224160178129","-76.95736169815063",,,,,,,,,,,"pole","fixed",179072754,,,,,,,"232",,,,,,,,,"node/13601959006",,"surveillance","Flock Safety","Q108485435",,,,,,,,,,,,,,,,"public","ALPR","traffic","2026-02-26T08:19:41Z",,23872775,"Dck2856",1,,,
,"38.87316008594709","-76.94841384887695",,,,,,,,,,,,"fixed",180082723,,,,,,,"353",,,,,,,,,"node/13660101101",,"surveillance","Flock Safety","Q108485435",,,,,,,,,,,,,,,,"public","ALPR","traffic","2026-03-18T23:14:07Z",,23924244,"FiloDo4",1,,,
,"38.870654202284896","-77.0500373840332",,,,,,,,,,,,"fixed",171246049,,,,,,,"180",,,,,,,,,"node/13109278151",,"surveillance","Flock Safety","Q108485435",,,,,,,,,,,,,,,,"camera","ALPR","traffic","2025-08-30T21:10:32Z",,23241550,"Ja$0n",1,,,
,"38.87284267890303","-77.05134630203247",,,,,,,,,,,,"fixed",181547402,,,,,,,"308",,,,,,,,,"node/13743188101",,"surveillance","Flock Safety","Q108485435",,,,,,,,,,,,,,,,"public","ALPR","traffic","2026-04-19T16:50:29Z",,23978437,"Nope2",1,,,
,"38.872374918570245","-77.0511531829834",,,,,,,,,,,,"fixed",180433388,,,,,,,"306",,,,,,,,,"node/13680794301",,"surveillance","Flock Safety","Q108485435",,,,,,,,,,,,,,,,"public","ALPR","traffic","2026-03-26T02:03:47Z",,23978437,"Nope2",1,,,
,"38.86809810993731","-77.06040143966675",,,,,,,,,,,,"fixed",181547385,,,,,,,"99",,,,,,,,,"node/13743186801",,"surveillance","Flock Safety","Q108485435",,,,,,,,,,,,,,,,"public","ALPR","traffic","2026-04-19T16:49:47Z",,23978437,"Nope2",1,,,
,"38.868298591090195","-77.06031560897827",,,,,,,,,,,,"fixed",181547370,,,,,,,"130",,,,,,,,,"node/13743185001",,"surveillance","Flock Safety","Q108485435",,,,,,,,,,,,,,,,"public","ALPR","traffic","2026-04-19T16:49:24Z",,23978437,"Nope2",1,,,
,"38.865358144183375","-77.0601224899292",,,,,,,,,,,,"fixed",173299676,,,,,,,"230",,,,,,,,,"node/13233862861",,"surveillance","Flock Safety","Q108485435",,,,,,,,,,,,,,,,,"ALPR",,"2025-10-15T03:13:54Z",,22214189,"totalplan",1,,,
,"38.86549180349945","-77.06063747406006",,,,,,,,,,,,"fixed",173299676,,,,,,,"220",,,,,,,,,"node/13233862860",,"surveillance","Flock Safety","Q108485435",,,,,,,,,,,,,,,,,"ALPR",,"2025-10-15T03:13:54Z",,22214189,"totalplan",1,,,
,"38.86316943713683","-77.05982208251953",,,,,,,,,,,,"fixed",172166920,,,,,,,"200",,,,,,,,,"node/13155686865",,"surveillance","Flock Safety","Q108485435",,,,,,,"Simon Property Group",,,"Q2287759",,,,,,,"ALPR",,"2025-09-19T14:41:28Z",,22566125,"hello_moto",1,,,
,"38.86308589736501","-77.05984354019165",,,,,,,,,,,,"fixed",176859982,,,,,,,,,,,,,,,,"node/6854499560",,"surveillance","Flock Safety","Q108485435",,,,,,,,,,,,,,,,,"ALPR",,"2026-01-05T12:42:01Z",,23359700,"Diva Doll",2,,,
,"38.86124799755237","-77.06194639205933",,,,,,,,,,,,"fixed",172166846,,,,,,,"5",,,,,,,,,"node/13155696190",,"surveillance","Flock Safety","Q108485435",,,,,,,"Simon Property Group",,,"Q2287759",,,,,,,"ALPR",,"2025-09-19T14:40:01Z",,22566125,"hello_moto",1,,,
,"38.86823176410206","-77.0665168762207",,,,,,,,,,,"pole","dome",126626860,,,,,,,,,,,,,,,,"node/10052038789",,"surveillance",,,,,,,,,,,,,,,,,,"public","camera","area","2022-09-25T18:59:18Z",,20713,"mamanakis",1,,,
,"38.86916733621925","-77.0667314529419",,,,,,,,,,,"pole","dome",128229953,,,,,,,,,,,,,,,,"node/10052038808",,"surveillance",,,,,,,,,,,,,,,,,,"public","camera","area","2022-10-29T23:52:24Z",,11523910,"themamanakis",2,,,
,"38.88000905052505","-77.05593824386597",,,,,,,,,,,,"fixed",173514385,,,,,,,"80",,,,,,,,,"node/13244765533",,"surveillance","Flock Safety","Q108485435",,,,,,,,,,,,,,,,"traffic","ALPR","traffic","2025-10-20T00:44:06Z",,23414436,"PackerFan_0007!",1,,,
,"38.87817158823208","-77.05636739730835",,,,,,,,,,,"pole","fixed",166172643,,,,,,,"120",,,,,,,,,"node/12832220487",,"surveillance","Flock Safety","Q108485435",,,,,,,,,,,,,,,,"public","ALPR","traffic","2025-05-12T20:42:33Z",,22883776,"singleuse1",2,,,
,"38.875632471240266","-77.04754829406738",,,,,,,,,,,"pole","fixed",179358780,,,,,,,"137",,,,,,,,,"node/13618262501",,"surveillance","Flock Safety","Q108485435",,,,,,,,,,,,,,,,"public","ALPR","traffic","2026-03-04T16:47:22Z",,14714197,"dalekpredator",1,,,
,"38.87576611123839","-77.04731225967407",,,,,,,,,,,"pole","fixed",179358739,,,,,,,"322",,,,,,,,,"node/13618258403",,"surveillance","Flock Safety","Q108485435",,,,,,,,,,,,,,,,"public","ALPR","traffic","2026-03-04T16:46:48Z",,14714197,"dalekpredator",1,,,
,"38.882715044843565","-77.0415186882019",,,,,,,,,,,"pole","dome",140671934,"2023-09-01",,,,,,,,,,,,,"15",,"node/4838375356",,"surveillance",,,,,,,,,,,,,,,"1",,,"public","camera","memorial","2023-09-01T10:29:06Z",,6237857,"MBTY1",3,,,
,"38.88034312947366","-77.03463077545166",,,,,,,,,,,,"fixed",180789383,,,,,,,"253",,,,,,,,,"node/13702630701",,"surveillance","Flock Safety","Q108485435",,,,,,,,,,,,,,,,"public","ALPR","traffic","2026-04-02T22:37:26Z",,23467270,"Ted_G",1,,,
,"38.88136206056595","-77.03643321990967",,,,,,,,,,"270-360","wall","fixed",135277506,"2023-04-23",,,,,,,,,,,,,"20",,"node/4838801101",,"surveillance",,,,,"441",,,,,,,,,,,,,"public","camera","memorial","2023-04-23T21:00:08Z",,7096975,"Peter Newman",3,,,
,"38.88147898615017","-77.03643321990967",,,,,,,,,,"180-270","wall","fixed",135277506,"2023-04-23",,,,,,,,,,,,,"20",,"node/4838801100",,"surveillance",,,,,"440",,,,,,,,,,,,,"public","camera","memorial","2023-04-23T21:00:07Z",,7096975,"Peter Newman",3,,,
,"38.88149568978935","-77.03662633895874",,,,,,,,,,"90-180","wall","fixed",135277506,"2023-04-23",,,,,,,,,,,,,"20",,"node/4838801103",,"surveillance",,,,,"443",,,,,,,,,,,,,"public","camera","building","2023-04-23T21:00:07Z",,7096975,"Peter Newman",4,,,
,"38.88137876423261","-77.03662633895874",,,,,,,,,,"0-90","wall","fixed",135277506,"2023-04-23",,,,,,,,,,,,,"20",,"node/4838801102",,"surveillance",,,,,"442",,,,,,,,,,,,,"public","camera","memorial","2023-04-23T21:00:08Z",,7096975,"Peter Newman",3,,,
,"38.88298229795001","-77.04199075698853",,,,,,,,,,,"pole","dome",140671934,"2023-09-01",,,,,,,,,,,,,"15",,"node/4838375357",,"surveillance",,,,,,,,,,,,,,,"2",,,"public","camera","memorial","2023-09-01T10:29:03Z",,6237857,"MBTY1",3,,,
,"38.883132627380604","-77.04231262207031",,,,,,,,,,,"pole","dome",140671934,"2023-09-01",,,,,,,,,,,,,"15",,"node/4838375358",,"surveillance",,,,,,,,,,,,,,,"2",,,"public","camera","memorial","2023-09-01T10:29:00Z",,6237857,"MBTY1",3,,,
,"38.883199440358766","-77.04261302947998",,,,,,,,,,,"pole","dome",140671934,"2023-09-01",,,,,,,,,,,,,"15",,"node/4838375364",,"surveillance",,,,,,,,,,,,,,,"3",,,"public","camera","memorial","2023-09-01T10:28:59Z",,6237857,"MBTY1",3,,,
,"38.88329965970823","-77.04323530197144",,,,,,,,,,,"pole","dome",140671934,"2023-09-01",,,,,,,,,,,,,"15",,"node/4838375362",,"surveillance",,,,,,,,,,,,,,,"5",,,"public","camera","memorial","2023-09-01T10:28:56Z",,6237857,"MBTY1",3,,,
,"38.883500097983074","-77.04323530197144",,,,,,,,,,,"pole","dome",140671934,"2023-09-01",,,,,,,,,,,,,"15",,"node/4838375363",,"surveillance",,,,,,,,,,,,,,,"4",,,"public","camera","memorial","2023-09-01T10:28:55Z",,6237857,"MBTY1",3,,,
,"38.82073531217773","-77.0010495185852",,,,,,,,,,,,"fixed",179319818,,,,,,,"145",,,,,,,,,"node/13615379801",,"surveillance","Flock Safety","Q108485435",,,,,,,,,,,,,,,,"public","ALPR","traffic","2026-03-03T19:33:15Z",,23866722,"UTIL221",1,,,
,"38.827305148301065","-77.00049161911011",,,,,,,,,,,,"fixed",179504909,,,,,,,"348",,,,,,,,,"node/13625466902",,"surveillance","Flock Safety","Q108485435",,,,,,,"Metro Police Department",,,,,,,,,"public","ALPR","traffic","2026-03-07T18:26:55Z",,23307562,"Wedge A",1,,,
,"38.82197242688392","-77.04965114593506",,,,,,,,,,,,"fixed",172610822,,,,,,,"340",,,,,,,,,"node/13180329146",,"surveillance","Flock Safety","Q108485435",,,,,,,,,,,,,,,,"traffic","ALPR","traffic","2025-09-29T12:32:26Z",,23269660,"Abo Lition",1,,,
,"38.82399523030145","-77.05031633377075",,,,,,,,,,,,"fixed",172610980,,,,,,,"170",,,,,,,,,"node/13180341367",,"surveillance","Flock Safety","Q108485435",,,,,,,,,,,,,,,,"traffic","ALPR","traffic","2025-09-29T12:35:25Z",,23269660,"Abo Lition",1,,,
,"38.82762275860341","-77.06108808517456",,,,,,,,,,,,"fixed",174747659,,,,,,,"60",,,,,,,,,"node/13309457501",,"surveillance","Flock Safety","Q108485435",,,,,,,,,,,,,,,,"public","ALPR","traffic","2025-11-16T22:01:36Z",,23454452,"thewildernessrn",1,,,
,"38.821755097478245","-77.04394340515137",,,,,,,,,,,"street_lamp","fixed",179136654,,,,,,,"187",,,,,,,,,"node/13605887801",,"surveillance","Flock Safety","Q108485435",,,,,,,,,,,,,,,,"public","ALPR","traffic","2026-02-27T15:26:21Z",,14714197,"dalekpredator",1,,,
,"38.83663227111401","-77.06125974655151",,,,,,,,,,,,"fixed",179585445,,,,,,,"332",,,,,,,,,"node/13629964101",,"surveillance","Flock Safety","Q108485435",,,,,,,,,,,,,,,,"public","ALPR","traffic","2026-03-09T13:22:08Z",,23837425,"trywrite",1,,,
,"38.84005859526434","-77.05246210098267",,,,,,,,,,,,"fixed",169037730,,,,,,,"145",,,,,,,,,"node/13005483056",,"surveillance","Flock Safety","Q108485435",,,,,,,,,,,,,,,,,"ALPR",,"2025-07-17T00:52:53Z",,22566125,"hello_moto",2,,,
,"38.840894259056626","-77.04954385757446",,,,,,,,,,,,"fixed",172265291,,,,,,,"160",,,,,,,,,"node/13160645055",,"surveillance","Flock Safety","Q108485435",,,,,,,,,,,,,,,,"camera","ALPR","traffic","2025-09-21T20:40:28Z",,23269660,"Abo Lition",1,,,
,"38.841813477893226","-77.04956531524658",,,,,,,,,,,,"fixed",172265395,,,,,,,"330",,,,,,,,,"node/13160654111",,"surveillance","Flock Safety","Q108485435",,,,,,,,,,,,,,,,,"ALPR","traffic","2025-09-21T20:42:43Z",,23269660,"Abo Lition",1,,,
,"38.83091579243725","-77.00167179107666",,,,,,,,,,,,"fixed",179505048,,,,,,,"89",,,,,,,,,"node/13625476601",,"surveillance","Flock Safety","Q108485435",,,,,,,"Metro Police Department",,,,,,,,,"public","ALPR","traffic","2026-03-07T18:29:41Z",,23307562,"Wedge A",1,,,
,"38.83086564585611","-77.00192928314209",,,,,,,,,,,,"fixed",179505097,,,,,,,"201",,,,,,,,,"node/13625478601",,"surveillance","Flock Safety","Q108485435",,,,,,,"Metro Police Department",,,,,,,,,"public","ALPR","traffic","2026-03-07T18:30:49Z",,23307562,"Wedge A",1,,,
,"38.8308823613871","-77.00248718261719",,,,,,,,,,,,"fixed",179505125,,,,,,,"292",,,,,,,,,"node/13625478801",,"surveillance","Flock Safety","Q108485435",,,,,,,"Metro Police Department",,,,,,,,,"public","ALPR","traffic","2026-03-07T18:31:49Z",,23307562,"Wedge A",1,,,
,"38.84468804925629","-77.0647144317627",,,,,,,,,,,,"fixed",171930606,,,,,,,"355",,,,,,,,,"node/13143017647",,"surveillance","Flock Safety","Q108485435",,,,,,,,,,,,,,,,"camera","ALPR","traffic","2025-09-14T17:57:01Z",,23269660,"Abo Lition",1,,,
,"38.84440393981683","-77.0646071434021",,,,,,,,,,,,"fixed",171933331,,,,,,,"170",,,,,,,,,"node/13143152429",,"surveillance","Flock Safety","Q108485435",,,,,,,,,,,,,,,,"camera","ALPR","traffic","2025-09-14T19:15:29Z",,23269660,"Abo Lition",1,,,
,"38.88368383257159","-77.04417943954468",,,,,,,,,,,"pole","dome",140671934,"2023-09-01",,,,,,,,,,,,,"15",,"node/4838375361",,"surveillance",,,,,,,,,,,,,,,"8",,,"public","camera","memorial","2023-09-01T10:28:34Z",,6237857,"MBTY1",3,,,
,"38.88400119119626","-77.04452276229858",,,,,,,,,,,"pole","dome",140671934,"2023-09-01",,,,,,,,,,,,,"15",,"node/4838375359",,"surveillance",,,,,,,,,,,,,,,"9",,,"public","camera","memorial","2023-09-01T10:28:28Z",,6237857,"MBTY1",3,,,
,"38.88390097283633","-77.04387903213501",,,,,,,,,,,"pole","dome",140671934,"2023-09-01",,,,,,,,,,,,,"15",,"node/4838375360",,"surveillance",,,,,,,,,,,,,,,"7",,,"public","camera","memorial","2023-09-01T10:28:37Z",,6237857,"MBTY1",3,,,
,"38.82588424275741","-76.99989080429077",,,,,,,,,,,"pole","fixed",179504667,,,,,,,"172",,,,,,,,,"node/13625464501",,"surveillance","Flock Safety","Q108485435",,,,,,,"Metro Police Department",,,,,,,,,"public","ALPR","traffic","2026-03-07T18:21:23Z",,23307562,"Wedge A",1,,,
,"38.815285064462245","-76.99896812438965",,,,,,,,,,,,"fixed",179319739,,,,,,,"164",,,,,,,,,"node/13615376101",,"surveillance","Flock Safety","Q108485435",,,,,,,,,,,,,,,,"public","ALPR","traffic","2026-03-03T19:30:48Z",,23866722,"UTIL221",1,,,
,"38.81485036416922","-76.99607133865356",,,,,,,,,,,,"fixed",179319784,,,,,,,"97",,,,,,,,,"node/13615377701",,"surveillance","Flock Safety","Q108485435",,,,,,,,,,,,,,,,"public","ALPR","traffic","2026-03-03T19:32:02Z",,23866722,"UTIL221",1,,,
,"38.81329545294204","-77.05555200576782",,,,,,,,,,,"street_lamp","fixed",178774691,,,,,,,"60-130",,,,,,,,,"node/13574372715",,"surveillance","Flock Safety","Q108485435",,,,,,,,,,,,,,,,"public","ALPR","traffic","2026-02-19T14:12:10Z",,23829794,"salty451",2,,,
,"38.81326201361804","-77.0550799369812",,,,,,,,,,,,"fixed",180872939,,,,,,,"271",,,,,,,,,"node/13706721102",,"surveillance","Flock Safety","Q108485435",,,,,,,,,,,,,,,,"public","ALPR","traffic","2026-04-04T20:52:36Z",,24013371,"meelor55",1,,,
,"38.81391407760378","-77.07226753234863",,,,,,,,,,,,"fixed",179144040,,,,,,,"208-253",,,,,,,,,"node/13282294497",,"surveillance","Flock Safety","Q108485435",,,,,,,,,,,,,,,,"public","ALPR","traffic","2026-02-27T18:29:48Z",,23589250,"canttouchme",2,,,
,"38.81531850283642","-77.07288980484009",,,,,,,,,,,,,177484492,,,,,,,"310",,,,,,,,,"node/13448556754",,"surveillance","Flock Safety","Q108485435",,,,,,,,,,,,,,,,"public","ALPR","street","2026-01-20T16:43:26Z",,23361715,"AM2025",2,,,
,"38.813880638570254","-76.96485042572021",,,,,,,,,,"210;30","traffic_signals","fixed",115720099,,,,,,,,,,,,,,,"traffic_signals","node/50179564",,"surveillance",,,,,,,,,,,,,,,,,,"traffic","camera","traffic","2022-01-03T16:52:49Z","signal",9509339,"KB-01",6,,,
,"38.815719762102134","-76.96287631988525",,,,,,,,,,"125;305","traffic_signals","fixed",115688729,,,,,,,,,,,,,,,,"node/50540608",,"surveillance",,,,,,,,,,,,,,,,,,"traffic","camera","traffic","2022-01-02T23:11:29Z",,9509339,"KB-01",5,,,
,"38.81727462040405","-77.08969116210938",,,,,,,,,,,,"fixed",179144071,,,,,,,"139-184",,,,,,,,,"node/13606252301",,"surveillance","Flock Safety","Q108485435",,,,,,,,,,,,,,,,"public","ALPR","traffic","2026-02-27T18:30:45Z",,23589250,"canttouchme",1,,,
,"38.81755883814438","-77.08943367004395",,,,,,,,,,,,"fixed",179144063,,,,,,,"338-23",,,,,,,,,"node/13606249702",,"surveillance","Flock Safety","Q108485435",,,,,,,,,,,,,,,,"public","ALPR","traffic","2026-02-27T18:30:30Z",,23589250,"canttouchme",1,,,
,"38.823610734901706","-77.00544834136963",,,,,,,,,,,,,174040432,,,,,,,"120",,,,,,,,"speed_camera","node/12580439690",,,,,,,,,,,,,,,,,,,,,,,"2025-10-31T21:59:33Z",,9509339,"KB-01",2,,,
,"38.82636902548302","-77.00210094451904",,,,,,,,,,,,,162410231,,,,,,,"335",,,,,,,,"speed_camera","node/12580439691",,,,,,,,,,,,,,,,,,,,,,,"2025-02-11T23:16:03Z",,22437239,"nikos2wheels",1,,,
,"38.82795708370668","-77.00774431228638",,,,,,,,,,,,,162410231,,,,,,,"180",,,,,,,,"speed_camera","node/12580439688",,,,,,,,,,,,,,,,,,,,,,,"2025-02-11T23:16:03Z",,22437239,"nikos2wheels",1,,,
,"38.82713798441492","-77.00770139694214",,,,,,,,,,,,,162410231,,,,,,,"170",,,,,,,,"speed_camera","node/12580439687",,,,,,,,,,,,,,,,,,,,,,,"2025-02-11T23:16:03Z",,22437239,"nikos2wheels",1,,,
,"38.824446591816894","-77.00628519058228",,,,,,,,,,,,,174040432,,,,,,,"335",,,,,,,,"speed_camera","node/12580439689",,,,,,,,,,,,,,,,,,,,,,,"2025-10-31T21:59:33Z",,9509339,"KB-01",2,,,
,"38.82630215909646","-77.01267957687378",,,,,,,,,,,,,162410231,,,,,,,"180",,,,,,,,"speed_camera","node/12580439686",,,,,,,,,,,,,,,,,,,,,,,"2025-02-11T23:16:03Z",,22437239,"nikos2wheels",1,,,
,"38.82078546589466","-77.01720714569092",,,,,,,,,,,,,134998684,,,,,,,,,,,,,,,"speed_camera","node/49879986",,,,,,,,,,,,,,,,,,,,,,,"2023-04-17T05:03:00Z",,2591427,"snake21",4,,,
,"38.82237364865938","-77.0166277885437",,,,,,,,,,,,,162410231,,,,,,,"5",,,,,,,,"speed_camera","node/12580439684",,,,,,,,,,,,,,,,,,,,,,,"2025-02-11T23:16:03Z",,22437239,"nikos2wheels",1,,,
,"38.81846163991332","-77.0176362991333",,,,,,,,,,,,,134998684,,,,,,,,,,,,,,,"speed_camera","node/1681960035",,,,,,,,,,,,,,,,,,,,,,,"2023-04-17T05:03:00Z",,2591427,"snake21",3,,,
,"38.828692593407226","-77.01267957687378",,,,,,,,,,,,,162410231,,,,,,,"180",,,,,,,,"speed_camera","node/12580439685",,,,,,,,,,,,,,,,,,,,,,,"2025-02-11T23:16:03Z",,22437239,"nikos2wheels",1,,,
,"38.83596370082569","-77.00793743133545",,,,,,,,,,,,,174042215,,,,,,,"165",,,"red_light_camera",,,,,"speed_camera","node/12580454694",,,,,,,,,,,,,,,,,,,,,,,"2025-10-31T23:22:34Z",,9509339,"KB-01",2,,,
,"38.8413956526214","-77.00347423553467",,,,,,,,,,,,,174040432,,,,,,,"215",,,,,,,,"speed_camera","node/12580454695",,,,,,,,,,,,,,,,,,,,,,,"2025-10-31T21:59:33Z",,9509339,"KB-01",2,,,
,"38.87337725837105","-77.0175290107727",,,,,,,,,,,,,162377948,,,,,,,"0",,,,,,,,"speed_camera","node/12578286268",,,,,,,,,,,,,,,,,,,,,,,"2025-02-11T06:55:27Z",,22437239,"nikos2wheels",1,,,
,"38.87386171754096","-77.01759338378906",,,,,,,,,,,,,162377948,,,,,,,"185",,,,,,,,"speed_camera","node/12578286269",,,,,,,,,,,,,,,,,,,,,,,"2025-02-11T06:55:27Z",,22437239,"nikos2wheels",1,,,
,"38.86435569130353","-77.04199075698853",,,,,,,,,,,,,180547625,,,,,,,"35",,,,,,,,"speed_camera","node/12580341156",,,,,,,,,,,,,,,,,,,,,,,"2026-03-28T15:39:48Z",,9509339,"KB-01",2,,,
,"38.853561719991575","-77.05188274383545",,,,,,,,,,,,,162410130,,,,,,,"275",,,"red_light_camera",,,,,"speed_camera","node/12580341157",,,,,,,,,,,,,,,,,,,,,,,"2025-02-11T23:09:48Z",,22437239,"nikos2wheels",1,,,
,"38.853143963714246","-77.05237627029419",,,,,,,,,,,,,162410130,,,,,,,"5",,,"red_light_camera",,,,,"speed_camera","node/12580341158",,,,,,,,,,,,,,,,,,,,,,,"2025-02-11T23:09:48Z",,22437239,"nikos2wheels",1,,,
,"38.853143963714246","-77.0525050163269",,,,,,,,,,,,,162410130,,,,,,,"5",,,,,,,,"speed_camera","node/12580341159",,,,,,,,,,,,,,,,,,,,,,,"2025-02-11T23:09:48Z",,22437239,"nikos2wheels",1,,,
,"38.84869888498133","-77.05304145812988",,,,,,,,,,,,,162410130,,,,,,,,,,,,,,,"speed_camera","node/12580341160",,,,,,,,,,,,,,,,,,,,,,,"2025-02-11T23:09:48Z",,22437239,"nikos2wheels",1,,,
,"38.86580924336795","-77.0746922492981",,,,,,,,,,,,,162410012,,,,,,,"70",,,"red_light_camera",,,,,"speed_camera","node/12580437110",,,,,,,,,,,,,,,,,,,,,,,"2025-02-11T23:01:00Z",,22437239,"nikos2wheels",1,,,
,"38.86600973097569","-77.07396268844604",,,,,,,,,,,,,162410012,,,,,,,"250",,,"red_light_camera",,,,,"speed_camera","node/12580437111",,,,,,,,,,,,,,,,,,,,,,,"2025-02-11T23:01:00Z",,22437239,"nikos2wheels",1,,,
,"38.82327638938813","-77.08181619644165",,,,,,,,,,,,,176552245,,,,,,,"290",,,,,,,,"speed_camera","node/13414597427",,,,,,"25 mph",,,,,,,,,,,,,,,,,"2025-12-28T23:32:47Z",,23361715,"AM2025",1,,,
,"38.87987541850583","-77.00916051864624",,,,,,,,,,,,,173992491,,,,,,,,,,"red_light_camera",,,,,"speed_camera","node/12578286270",,,,,,,,,,,,,,,,,,,,,,,"2025-10-30T19:31:16Z",,9509339,"KB-01",2,,,
,"38.87807136164963","-76.99135065078735",,,,,,,,,,,,,162410488,,,,,,,"300",,,"red_light_camera",,,,,"speed_camera","node/12580477712",,,,,,,,,,,,,,,,,,,,,,,"2025-02-11T23:34:38Z",,22437239,"nikos2wheels",1,,,
,"38.87770386297123","-76.99177980422974",,,,,,,,,,,,,162410488,,,,,,,"90",,,"red_light_camera",,,,,"speed_camera","node/12580477711",,,,,,,,,,,,,,,,,,,,,,,"2025-02-11T23:34:38Z",,22437239,"nikos2wheels",1,,,
,"38.87165656635116","-76.99019193649292",,,,,,,,,,,,,181395279,,,,,,,"155",,,,,,,,"speed_camera","node/13733844861",,,,,,,,,,,,,,,,,,,,,,,"2026-04-16T05:29:42Z",,326503,"wambag",1,,,
,"38.862049996040014","-76.99860334396362",,,,,,,,,,,,,180184673,,,,,,,"240",,,,,,,,"speed_camera","node/12578291296",,,,,,,,,,,,,,,,,,,,,,,"2026-03-21T03:46:49Z",,9509339,"KB-01",3,,,
,"38.86046269860145","-76.99360370635986",,,,,,,,,,,,,180184673,,,,,,,"170",,,,,,,,"speed_camera","node/12580477710",,,,,,,,,,,,,,,,,,,,,,,"2026-03-21T03:46:49Z",,9509339,"KB-01",2,,,
,"38.859660682210745","-76.99497699737549",,,,,,,,,,,,,180184673,,,,,,,"20",,,,,,,,"speed_camera","node/12580477708",,,,,,,,,,,,,,,,,,,,,,,"2026-03-21T03:46:49Z",,9509339,"KB-01",2,,,
,"38.857070775848854","-76.99585676193237",,,,,,,,,,,,,180547625,,,,,,,"190",,,,,,,,"speed_camera","node/12580477705",,,,,,,,,,,,,,,,,,,,,,,"2026-03-28T15:39:48Z",,9509339,"KB-01",2,,,
,"38.85912599959153","-76.99338912963867",,,,,,,,,,,,,162410488,,,,,,,"350",,,,,,,,"speed_camera","node/12580477709",,,,,,,,,,,,,,,,,,,,,,,"2025-02-11T23:34:38Z",,22437239,"nikos2wheels",1,,,
,"38.854982072980874","-76.9960069656372",,,,,,,,,,,,,162410488,,,,,,,"350",,,,,,,,"speed_camera","node/12580477707",,,,,,,,,,,,,,,,,,,,,,,"2025-02-11T23:34:38Z",,22437239,"nikos2wheels",1,,,
,"38.85523272056395","-76.99617862701416",,,,,,,,,,,,,162410488,,,,,,,"175",,,"red_light_camera",,,,,"speed_camera","node/12580477706",,,,,,,,,,,,,,,,,,,,,,,"2025-02-11T23:34:38Z",,22437239,"nikos2wheels",1,,,
,"38.84515599174233","-76.99581384658813",,,,,,,,,,,,,162410488,,,,,,,"270",,,,,,,,"speed_camera","node/12580454697",,,,,,,,,,,,,,,,,,,,,,,"2025-02-11T23:34:38Z",,22437239,"nikos2wheels",1,,,
,"38.826034692922065","-76.9951057434082",,,,,,,,,,,,,174040432,,,,,,,"230",,,,,,,,"speed_camera","node/12580439693",,,,,,,,,,,,,,,,,,,,,,,"2025-10-31T21:59:33Z",,9509339,"KB-01",2,,,
,"38.82458032801273","-76.99692964553833",,,,,,,,,,,,,174040432,,,,,,,"45",,,,,,,,"speed_camera","node/12580439692",,,,,,,,,,,,,,,,,,,,,,,"2025-10-31T21:59:33Z",,9509339,"KB-01",2,,,
,"38.88517039494985","-76.9808578491211",,,,,,,,,,,,,162410488,,,,,,,"180",,,,,,,,"speed_camera","node/12580477715",,,,,,,,,,,,,,,,,,,,,,,"2025-02-11T23:34:38Z",,22437239,"nikos2wheels",1,,,
,"38.88004245849061","-76.98437690734863",,,,,,,,,,,,,162410488,,,,,,,"300",,,,,,,,"speed_camera","node/12580477714",,,,,,,,,,,,,,,,,,,,,,,"2025-02-11T23:34:38Z",,22437239,"nikos2wheels",1,,,
,"38.879958938547304","-76.98495626449585",,,,,,,,,,,,,162410488,,,,,,,"120",,,,,,,,"speed_camera","node/12580477713",,,,,,,,,,,,,,,,,,,,,,,"2025-02-11T23:34:38Z",,22437239,"nikos2wheels",1,,,
,"38.85449748514887","-76.98596477508545",,,,,,,,,,,,,162410488,,,,,,,"125",,,"red_light_camera",,,,,"speed_camera","node/12580477704",,,,,,,,,,,,,,,,,,,,,,,"2025-02-11T23:34:38Z",,22437239,"nikos2wheels",1,,,
,"38.84572420348053","-76.9846773147583",,,,,,,,,,,,,162410488,,,,,,,"75",,,,,,,,"speed_camera","node/12580454698",,,,,,,,,,,,,,,,,,,,,,,"2025-02-11T23:34:38Z",,22437239,"nikos2wheels",1,,,
,"38.85087132658515","-76.98251008987427",,,,,,,,,,,,,162410488,,,,,,,"85",,,"traffic_signals",,,,,"speed_camera","node/12580477701",,,,,,,,,,,,,,,,,,,,,,,"2025-02-11T23:34:38Z",,22437239,"nikos2wheels",1,,,
,"38.8480972740378","-76.9782829284668",,,,,,,,,,,,,162410488,,,,,,,"35",,,,,,,,"speed_camera","node/12580454700",,,,,,,,,,,,,,,,,,,,,,,"2025-02-11T23:34:38Z",,22437239,"nikos2wheels",1,,,
,"38.847044442644176","-76.98040723800659",,,,,,,,,,,,,162410488,,,,,,,"160",,,"red_light_camera",,,,,"speed_camera","node/12580454699",,,,,,,,,,,,,,,,,,,,,,,"2025-02-11T23:34:38Z",,22437239,"nikos2wheels",1,,,
,"38.851623310143964","-76.97748899459839",,,,,,,,,,,,,162410488,,,,,,,"90",,,"traffic_signals",,,,,"speed_camera","node/12580477702",,,,,,,,,,,,,,,,,,,,,,,"2025-02-11T23:34:38Z",,22437239,"nikos2wheels",1,,,
,"38.853494879152066","-76.98296070098877",,,,,,,,,,,,,180279171,,,,,,,"235",,,"red_light_camera",,,,,"speed_camera","node/12580477703",,,,,,,,,,,,,,,,,,,,,,,"2026-03-23T03:12:05Z",,9509339,"KB-01",2,,,
,"38.86141508131658","-77.0916223526001",,,,,,,,,,,,,162410012,,,,,,,"255",,,"red_light_camera",,,,,"speed_camera","node/12580437109",,,,,,,,,,,,,,,,,,,,,,,"2025-02-11T23:01:00Z",,22437239,"nikos2wheels",1,,,
,"38.86119787234654","-77.09220170974731",,,,,,,,,,,,,162410012,,,,,,,"65",,,"red_light_camera",,,,,"speed_camera","node/12580437108",,,,,,,,,,,,,,,,,,,,,,,"2025-02-11T23:01:00Z",,22437239,"nikos2wheels",1,,,
,"38.85872498498878","-77.10157871246338",,,,,,,,,,,,,174068505,,,,,,,"65",,,"red_light_camera",,,,,"speed_camera","node/12580437106",,,,,,,,,,,,,,,,,,,,,,,"2025-11-01T15:35:20Z",,9509339,"KB-01",2,,,
,"38.85688697245806","-77.10057020187378",,,,,,,,,,,,,174068505,,,,,,,"170",,,,,,,,"speed_camera","node/12580437107",,,,,,,,,,,,,,,,,,,,,,,"2025-11-01T15:35:20Z",,9509339,"KB-01",2,,,
,"38.82655290772229","-77.08709478378296",,,,,,,,,,,,,176552245,,,,,,,"105",,,,,,,,"speed_camera","node/13414597428",,,,,,"25 mph",,,,,,,,,,,,,,,,,"2025-12-28T23:32:47Z",,23361715,"AM2025",1,,,
,"38.88466930998294","-77.08791017532349",,,,,,,,,,,,,162378354,,,,,,,"90",,,"red_light_camera",,,,,"speed_camera","node/12578282472",,,,,,,,,,,,,,,,,,,,,,,"2025-02-11T07:11:48Z",,22437239,"nikos2wheels",1,,,
,"38.88465260708986","-77.08763122558594",,,,,,,,,,,,,162378354,,,,,,,"265",,,"red_light_camera",,,,,"speed_camera","node/12578282473",,,,,,,,,,,,,,,,,,,,,,,"2025-02-11T07:11:48Z",,22437239,"nikos2wheels",1,,,
,"38.81510115312361","-77.01933145523071",,,,,,,,,,,,,162410231,,,,,,,"25",,,,,,,,"speed_camera","node/12580439683",,,,,,,,,,,,,,,,,,,,,,,"2025-02-11T23:16:03Z",,22437239,"nikos2wheels",1,,,
,"38.81389735808898","-77.0564317703247",,,,,,,,,,,,,162410130,,,,,,,"355",,,,,,,,"speed_camera","node/12580341161",,,,,,,,,,,,,,,,,,,,,,,"2025-02-11T23:09:48Z",,22437239,"nikos2wheels",1,,,
,"38.81799352190623","-77.05722570419312",,,,,,,,,,,,,162410130,,,,,,,"165",,,,,,,,"speed_camera","node/12580341162",,,,,,,,,,,,,,,,,,,,,,,"2025-02-11T23:09:48Z",,22437239,"nikos2wheels",1,,,
,"38.85875840295873","-76.96695327758789",,,,,,,,"police",,,,,4731117,,,,,,,,,,,,,,,,"node/737848452",,,,,,,"6th District Police Center",,,,,,,,,,,,,,,,"2010-05-17T18:29:39Z",,12055,"aude",1,,,
,"38.86978547532709","-76.95965766906738",,,,,"DC",,,"police",,,,,155164666,,,,,,,,"44",,,,,"2335145",,,"node/367142464",,,,,,,"Washington District of Columbia Police Department - Patrol Support Branch and Family Liaison",,,,,,,,,,,"USGS Geonames",,,,,"2024-08-12T19:22:34Z",,3199858,"Mateusz Konieczny - bot account",3,,,
,"38.872324801209146","-76.96866989135742",,,,,"DC",,,"police",,,,,155164666,,,,,,,,"18",,,,,"2335133",,,"node/367142215",,,,,,,"Washington District of Columbia Police Department District 6 Substation",,,,,,,,,,,"USGS Geonames",,,,,"2024-08-12T19:22:25Z",,3199858,"Mateusz Konieczny - bot account",4,,,
,"38.81349608855618","-76.9976806640625",,,,,"MD",,,"police",,,,,155196162,,,,,,,,"34",,,,,"2457560",,,"node/367798231",,,,,,,"Forest Heights Police Station",,,,,,,,,,,"USGS Geonames",,,,,"2024-08-13T13:33:38Z",,3199858,"Mateusz Konieczny - bot account",2,,,
,"38.85147291406818","-77.04205513000488",,,,,,,,"police",,,,,72327213,,,,,,,,,,,,,,,,"node/929733920",,,,,,,,,,,,,,,,,,,,,,,"2019-07-17T01:36:01Z",,7466976,"HeyItsAdam",5,,,
,"38.87640089779765","-77.03415870666504","Washington","US","1100",,"DC","Ohio Drive Southwest",,"police",,,,,27791036,,,,,,,,,,,,,,,,"node/611150915",,,,,,,"National Capitol Region US Park Police Headquarters",,,,,,,,,,,,,,,,"2014-12-30T01:50:57Z",,475877,"RoadGeek_MD99",3,,,
,"38.81881272620309","-77.01446056365967",,,,,,,,"police","yes",,,,166800446,,,"20050404","buildings","2000",,,,,,,,,,,"way/55375942",,,,,"60",,"Kennel",,,,"Washington District of Columbia Police Department",,,,,,,"dcgis",,,,,"2025-05-26T22:53:35Z",,2987813,"ice_fly",2,,,
,"38.81801024007483","-77.00416088104248","Oxon Hill",,"5135","20745","MD","Indian Head Highway",,"police","yes",,,,158105981,,,,,,,,"8","PGPD_Division4@co.pg.md.us",,,"+1 301-749-4912","2331625",,,"way/184446843",,,,,,,"Prince George's County Police Department Division IV - Oxon Hill",,,"24/7","Prince George's County Police Department","PGPD",,,"+1 301-749-4901",,,"USGS Geonames",,,,,"2024-10-19T20:07:53Z",,1830039,"jpeterson1346",2,,,
,"38.82155448449461","-77.01308727264404",,,,,,,,"police","yes",,,,166800446,,,"19990331","buildings","2000",,,,,,,,,,,"way/55376151",,,,,"40909",,"Police Academy",,,,"Washington District of Columbia Police Department",,,,,,,"dcgis",,,,,"2025-05-26T22:53:35Z",,2987813,"ice_fly",3,,,
,"38.81801024007483","-77.0158338546753","Washington",,,,"DC","Blue Plains Drive Southwest",,"police","yes",,,,166800446,,,"19990331","buildings","2000",,,"12",,,,,"2335142",,,"way/55375984",,,,,"37545",,"Training",,,,"Washington District of Columbia Police Department",,,,,,,"dcgis;USGS Geonames",,,,,"2025-05-26T22:53:35Z",,2987813,"ice_fly",4,,,
,"38.873794894243645","-77.02094078063965",,,,,,,,"police",,,,,180547625,,,,,,,,,,,,,,,,"way/521118443",,"pier",,,,,,,,,,,,,,,,,,,,,"2026-03-28T15:39:48Z",,9509339,"KB-01",4,,,
,"38.87382830603367","-77.02085494995117",,,"550",,,"Water Street Southwest",,"police","yes",,,,51705148,,"buildings","19990331",,,,,,,,,,,,,"way/67255083",,,,,,,"Police Harbor Patrol",,,,,,,,,,,"dcgis",,,,,"2017-09-04T01:01:19Z",,5215025,"RunTrails",3,,,
,"38.86694533213978","-77.0687484741211","Arlington",,"1426","22204","VA","Columbia Pike",,"police","commercial",,,,152627829,,,,,,,,"46","area45@vsp.virginia.gov",,,,"2332128",,,"way/80300536",,,,,,,"Virginia State Police Division 7 Area 45 Office","弗吉尼亚州警察局第7分局第45区办公室","弗吉尼亚州警察局第7分局第45区办公室",,,,,,"+1 703-845-6300",,,"USGS Geonames",,,,,"2024-06-13T11:00:53Z",,21023859,"发光的电子管",6,"https://www.vsp.virginia.gov/Div7.shtm",,
,"38.876868631131615","-77.01282978057861",,,,,,,,"police","yes",,,,162067861,,,"19990331","buildings","2000",,,,,,,,,,,"way/48036787",,,,,"973",,"Metropolitan Police Department First District Headquarters",,,,"Metropolitan Police Department","MPD",,"Q1350854",,,,"dcgis",,,,,"2025-02-03T01:13:28Z",,14845392,"Dogman15",7,,,
,"38.88344998839669","-76.99922561645508","Washington","US","500","20003","DC","E Street Southeast",,"police","yes",,,,155164666,,,"19990331","buildings","2000",,,"23",,,,,"2335139",,,"way/48039178",,,,,"8696",,"Washington District of Columbia Police Department District 1 Substation",,,,,,,,,,,"dcgis;USGS Geonames",,,,,"2024-08-12T19:29:40Z",,3199858,"Mateusz Konieczny - bot account",6,,,
,"38.853377907147106","-76.96957111358643",,,"2455","20020","DC","Alabama Avenue Southeast",,"police","yes",,,,155164666,,,,,,"32897",,"87",,,,,"2335132",,,"way/295821716",,,,,,,"Metropolitan Police Dept 7D",,,,,,,,,,,"USGS Geonames",,,,,"2024-08-12T19:38:26Z",,3199858,"Mateusz Konieczny - bot account",3,,,
,"38.866744841642316","-76.99244499206543",,,,,,,"heliport",,,,,,177301690,,,,,,,,,,,"DC03",,,,,"way/888038185","yes",,,,,,"US Park Police Eagle's Nest Heliport",,,,"United States Park Police",,"government",,,"helicopter_unit",,,"concrete",,,,"2026-01-16T14:47:02Z",,11523236,"willkmis",3,,"Q61671721",